level1_name,level1_id,level2_name,level2_id,level3_name,level3_id,level4_name,level4_id
Arts & Entertainment,4d4b7104d754a06370d81259,Amphitheaters,56aa371be4b08b9a8d5734db,,,,
Arts & Entertainment,4d4b7104d754a06370d81259,Aquariums,4fceea171983d5d06c3e9823,,,,
Arts & Entertainment,4d4b7104d754a06370d81259,Arcades,4bf58dd8d48988d1e1931735,,,,
Arts & Entertainment,4d4b7104d754a06370d81259,Art Galleries,4bf58dd8d48988d1e2931735,,,,
Arts & Entertainment,4d4b7104d754a06370d81259,Bowling Alleys,4bf58dd8d48988d1e4931735,,,,
Arts & Entertainment,4d4b7104d754a06370d81259,Casinos,4bf58dd8d48988d17c941735,,,,
Arts & Entertainment,4d4b7104d754a06370d81259,Circuses,52e81612bcbc57f1066b79e7,,,,
Arts & Entertainment,4d4b7104d754a06370d81259,Comedy Clubs,4bf58dd8d48988d18e941735,,,,
Arts & Entertainment,4d4b7104d754a06370d81259,Concert Halls,5032792091d4c4b30a586d5c,,,,
Arts & Entertainment,4d4b7104d754a06370d81259,Country Dance Clubs,52e81612bcbc57f1066b79ef,,,,
Arts & Entertainment,4d4b7104d754a06370d81259,Disc Golf Courses,52e81612bcbc57f1066b79e8,,,,
Arts & Entertainment,4d4b7104d754a06370d81259,Exhibits,56aa371be4b08b9a8d573532,,,,
Arts & Entertainment,4d4b7104d754a06370d81259,General Entertainment,4bf58dd8d48988d1f1931735,,,,
Arts & Entertainment,4d4b7104d754a06370d81259,Go Kart Tracks,52e81612bcbc57f1066b79ea,,,,
Arts & Entertainment,4d4b7104d754a06370d81259,Historic Sites,4deefb944765f83613cdba6e,,,,
Arts & Entertainment,4d4b7104d754a06370d81259,Laser Tag Places,52e81612bcbc57f1066b79e6,,,,
Arts & Entertainment,4d4b7104d754a06370d81259,Memorial Sites,5642206c498e4bfca532186c,,,,
Arts & Entertainment,4d4b7104d754a06370d81259,Mini Golf Courses,52e81612bcbc57f1066b79eb,,,,
Arts & Entertainment,4d4b7104d754a06370d81259,Movie Theaters,4bf58dd8d48988d17f941735,Drive-in Theaters,56aa371be4b08b9a8d5734de,,
Arts & Entertainment,4d4b7104d754a06370d81259,Movie Theaters,4bf58dd8d48988d17f941735,Indie Movie Theaters,4bf58dd8d48988d17e941735,,
Arts & Entertainment,4d4b7104d754a06370d81259,Movie Theaters,4bf58dd8d48988d17f941735,Multiplexes,4bf58dd8d48988d180941735,,
Arts & Entertainment,4d4b7104d754a06370d81259,Movie Theaters,4bf58dd8d48988d17f941735,,,,
Arts & Entertainment,4d4b7104d754a06370d81259,Museums,4bf58dd8d48988d181941735,Art Museums,4bf58dd8d48988d18f941735,,
Arts & Entertainment,4d4b7104d754a06370d81259,Museums,4bf58dd8d48988d181941735,Erotic Museums,559acbe0498e472f1a53fa23,,
Arts & Entertainment,4d4b7104d754a06370d81259,Museums,4bf58dd8d48988d181941735,History Museums,4bf58dd8d48988d190941735,,
Arts & Entertainment,4d4b7104d754a06370d81259,Museums,4bf58dd8d48988d181941735,Planetariums,4bf58dd8d48988d192941735,,
Arts & Entertainment,4d4b7104d754a06370d81259,Museums,4bf58dd8d48988d181941735,Science Museums,4bf58dd8d48988d191941735,,
Arts & Entertainment,4d4b7104d754a06370d81259,Museums,4bf58dd8d48988d181941735,,,,
Arts & Entertainment,4d4b7104d754a06370d81259,Music Venues,4bf58dd8d48988d1e5931735,Jazz Clubs,4bf58dd8d48988d1e7931735,,
Arts & Entertainment,4d4b7104d754a06370d81259,Music Venues,4bf58dd8d48988d1e5931735,Piano Bars,4bf58dd8d48988d1e8931735,,
Arts & Entertainment,4d4b7104d754a06370d81259,Music Venues,4bf58dd8d48988d1e5931735,Rock Clubs,4bf58dd8d48988d1e9931735,,
Arts & Entertainment,4d4b7104d754a06370d81259,Music Venues,4bf58dd8d48988d1e5931735,,,,
Arts & Entertainment,4d4b7104d754a06370d81259,Performing Arts Venues,4bf58dd8d48988d1f2931735,Dance Studios,4bf58dd8d48988d134941735,,
Arts & Entertainment,4d4b7104d754a06370d81259,Performing Arts Venues,4bf58dd8d48988d1f2931735,Indie Theaters,4bf58dd8d48988d135941735,,
Arts & Entertainment,4d4b7104d754a06370d81259,Performing Arts Venues,4bf58dd8d48988d1f2931735,Opera Houses,4bf58dd8d48988d136941735,,
Arts & Entertainment,4d4b7104d754a06370d81259,Performing Arts Venues,4bf58dd8d48988d1f2931735,Theaters,4bf58dd8d48988d137941735,,
Arts & Entertainment,4d4b7104d754a06370d81259,Performing Arts Venues,4bf58dd8d48988d1f2931735,,,,
Arts & Entertainment,4d4b7104d754a06370d81259,Pool Halls,4bf58dd8d48988d1e3931735,,,,
Arts & Entertainment,4d4b7104d754a06370d81259,Public Art,507c8c4091d498d9fc8c67a9,Outdoor Sculptures,52e81612bcbc57f1066b79ed,,
Arts & Entertainment,4d4b7104d754a06370d81259,Public Art,507c8c4091d498d9fc8c67a9,Street Art Installations,52e81612bcbc57f1066b79ee,,
Arts & Entertainment,4d4b7104d754a06370d81259,Public Art,507c8c4091d498d9fc8c67a9,,,,
Arts & Entertainment,4d4b7104d754a06370d81259,Racecourses,56aa371be4b08b9a8d573514,,,,
Arts & Entertainment,4d4b7104d754a06370d81259,Racetracks,4bf58dd8d48988d1f4931735,,,,
Arts & Entertainment,4d4b7104d754a06370d81259,Roller Rinks,52e81612bcbc57f1066b79e9,,,,
Arts & Entertainment,4d4b7104d754a06370d81259,Salsa Clubs,52e81612bcbc57f1066b79ec,,,,
Arts & Entertainment,4d4b7104d754a06370d81259,Samba Schools,56aa371be4b08b9a8d5734f9,,,,
Arts & Entertainment,4d4b7104d754a06370d81259,Stadiums,4bf58dd8d48988d184941735,Baseball Stadiums,4bf58dd8d48988d18c941735,,
Arts & Entertainment,4d4b7104d754a06370d81259,Stadiums,4bf58dd8d48988d184941735,Basketball Stadiums,4bf58dd8d48988d18b941735,,
Arts & Entertainment,4d4b7104d754a06370d81259,Stadiums,4bf58dd8d48988d184941735,Cricket Grounds,4bf58dd8d48988d18a941735,,
Arts & Entertainment,4d4b7104d754a06370d81259,Stadiums,4bf58dd8d48988d184941735,Football Stadiums,4bf58dd8d48988d189941735,,
Arts & Entertainment,4d4b7104d754a06370d81259,Stadiums,4bf58dd8d48988d184941735,Hockey Arenas,4bf58dd8d48988d185941735,,
Arts & Entertainment,4d4b7104d754a06370d81259,Stadiums,4bf58dd8d48988d184941735,Rugby Stadiums,56aa371be4b08b9a8d573556,,
Arts & Entertainment,4d4b7104d754a06370d81259,Stadiums,4bf58dd8d48988d184941735,Soccer Stadiums,4bf58dd8d48988d188941735,,
Arts & Entertainment,4d4b7104d754a06370d81259,Stadiums,4bf58dd8d48988d184941735,Tennis Stadiums,4e39a891bd410d7aed40cbc2,,
Arts & Entertainment,4d4b7104d754a06370d81259,Stadiums,4bf58dd8d48988d184941735,Track Stadiums,4bf58dd8d48988d187941735,,
Arts & Entertainment,4d4b7104d754a06370d81259,Stadiums,4bf58dd8d48988d184941735,,,,
Arts & Entertainment,4d4b7104d754a06370d81259,Theme Parks,4bf58dd8d48988d182941735,Theme Park Rides/Attractions,5109983191d435c0d71c2bb1,,
Arts & Entertainment,4d4b7104d754a06370d81259,Theme Parks,4bf58dd8d48988d182941735,,,,
Arts & Entertainment,4d4b7104d754a06370d81259,Tour Providers,56aa371be4b08b9a8d573520,,,,
Arts & Entertainment,4d4b7104d754a06370d81259,Water Parks,4bf58dd8d48988d193941735,,,,
Arts & Entertainment,4d4b7104d754a06370d81259,Zoos,4bf58dd8d48988d17b941735,,,,
Arts & Entertainment,4d4b7104d754a06370d81259,,,,,,
Colleges & Universities,4d4b7105d754a06372d81259,College Academic Buildings,4bf58dd8d48988d198941735,College Arts Buildings,4bf58dd8d48988d199941735,,
Colleges & Universities,4d4b7105d754a06372d81259,College Academic Buildings,4bf58dd8d48988d198941735,College Communications Buildings,4bf58dd8d48988d19a941735,,
Colleges & Universities,4d4b7105d754a06372d81259,College Academic Buildings,4bf58dd8d48988d198941735,College Engineering Buildings,4bf58dd8d48988d19e941735,,
Colleges & Universities,4d4b7105d754a06372d81259,College Academic Buildings,4bf58dd8d48988d198941735,College History Buildings,4bf58dd8d48988d19d941735,,
Colleges & Universities,4d4b7105d754a06372d81259,College Academic Buildings,4bf58dd8d48988d198941735,College Math Buildings,4bf58dd8d48988d19c941735,,
Colleges & Universities,4d4b7105d754a06372d81259,College Academic Buildings,4bf58dd8d48988d198941735,College Science Buildings,4bf58dd8d48988d19b941735,,
Colleges & Universities,4d4b7105d754a06372d81259,College Academic Buildings,4bf58dd8d48988d198941735,College Technology Buildings,4bf58dd8d48988d19f941735,,
Colleges & Universities,4d4b7105d754a06372d81259,College Academic Buildings,4bf58dd8d48988d198941735,,,,
Colleges & Universities,4d4b7105d754a06372d81259,College Administrative Buildings,4bf58dd8d48988d197941735,,,,
Colleges & Universities,4d4b7105d754a06372d81259,College Auditoriums,4bf58dd8d48988d1af941735,,,,
Colleges & Universities,4d4b7105d754a06372d81259,College Bookstores,4bf58dd8d48988d1b1941735,,,,
Colleges & Universities,4d4b7105d754a06372d81259,College Cafeterias,4bf58dd8d48988d1a1941735,,,,
Colleges & Universities,4d4b7105d754a06372d81259,College Classrooms,4bf58dd8d48988d1a0941735,,,,
Colleges & Universities,4d4b7105d754a06372d81259,College Gyms,4bf58dd8d48988d1b2941735,,,,
Colleges & Universities,4d4b7105d754a06372d81259,College Labs,4bf58dd8d48988d1a5941735,,,,
Colleges & Universities,4d4b7105d754a06372d81259,College Libraries,4bf58dd8d48988d1a7941735,,,,
Colleges & Universities,4d4b7105d754a06372d81259,College Quads,4bf58dd8d48988d1aa941735,,,,
Colleges & Universities,4d4b7105d754a06372d81259,College Rec Centers,4bf58dd8d48988d1a9941735,,,,
Colleges & Universities,4d4b7105d754a06372d81259,College Residence Halls,4bf58dd8d48988d1a3941735,,,,
Colleges & Universities,4d4b7105d754a06372d81259,College Stadiums,4bf58dd8d48988d1b4941735,College Baseball Diamonds,4bf58dd8d48988d1bb941735,,
Colleges & Universities,4d4b7105d754a06372d81259,College Stadiums,4bf58dd8d48988d1b4941735,College Basketball Courts,4bf58dd8d48988d1ba941735,,
Colleges & Universities,4d4b7105d754a06372d81259,College Stadiums,4bf58dd8d48988d1b4941735,College Cricket Pitches,4bf58dd8d48988d1b9941735,,
Colleges & Universities,4d4b7105d754a06372d81259,College Stadiums,4bf58dd8d48988d1b4941735,College Football Fields,4bf58dd8d48988d1b8941735,,
Colleges & Universities,4d4b7105d754a06372d81259,College Stadiums,4bf58dd8d48988d1b4941735,College Hockey Rinks,4bf58dd8d48988d1b5941735,,
Colleges & Universities,4d4b7105d754a06372d81259,College Stadiums,4bf58dd8d48988d1b4941735,College Soccer Fields,4bf58dd8d48988d1b7941735,,
Colleges & Universities,4d4b7105d754a06372d81259,College Stadiums,4bf58dd8d48988d1b4941735,College Tennis Courts,4e39a9cebd410d7aed40cbc4,,
Colleges & Universities,4d4b7105d754a06372d81259,College Stadiums,4bf58dd8d48988d1b4941735,College Tracks,4bf58dd8d48988d1b6941735,,
Colleges & Universities,4d4b7105d754a06372d81259,College Stadiums,4bf58dd8d48988d1b4941735,,,,
Colleges & Universities,4d4b7105d754a06372d81259,College Theaters,4bf58dd8d48988d1ac941735,,,,
Colleges & Universities,4d4b7105d754a06372d81259,Community Colleges,4bf58dd8d48988d1a2941735,,,,
Colleges & Universities,4d4b7105d754a06372d81259,Fraternity Houses,4bf58dd8d48988d1b0941735,,,,
Colleges & Universities,4d4b7105d754a06372d81259,General Colleges & Universities,4bf58dd8d48988d1a8941735,,,,
Colleges & Universities,4d4b7105d754a06372d81259,Law Schools,4bf58dd8d48988d1a6941735,,,,
Colleges & Universities,4d4b7105d754a06372d81259,Medical Schools,4bf58dd8d48988d1b3941735,,,,
Colleges & Universities,4d4b7105d754a06372d81259,Sorority Houses,4bf58dd8d48988d141941735,,,,
Colleges & Universities,4d4b7105d754a06372d81259,Student Centers,4bf58dd8d48988d1ab941735,,,,
Colleges & Universities,4d4b7105d754a06372d81259,Trade Schools,4bf58dd8d48988d1ad941735,,,,
Colleges & Universities,4d4b7105d754a06372d81259,Universities,4bf58dd8d48988d1ae941735,,,,
Colleges & Universities,4d4b7105d754a06372d81259,,,,,,
Events,4d4b7105d754a06373d81259,Christmas Markets,52f2ab2ebcbc57f1066b8b3b,,,,
Events,4d4b7105d754a06373d81259,Conferences,5267e4d9e4b0ec79466e48c6,,,,
Events,4d4b7105d754a06373d81259,Conventions,5267e4d9e4b0ec79466e48c9,,,,
Events,4d4b7105d754a06373d81259,Festivals,5267e4d9e4b0ec79466e48c7,,,,
Events,4d4b7105d754a06373d81259,Music Festivals,5267e4d9e4b0ec79466e48d1,,,,
Events,4d4b7105d754a06373d81259,Other Events,5267e4d9e4b0ec79466e48c8,,,,
Events,4d4b7105d754a06373d81259,Parades,52741d85e4b0d5d1e3c6a6d9,,,,
Events,4d4b7105d754a06373d81259,Stoop Sales,52f2ab2ebcbc57f1066b8b54,,,,
Events,4d4b7105d754a06373d81259,Street Fairs,5267e4d8e4b0ec79466e48c5,,,,
Events,4d4b7105d754a06373d81259,,,,,,
Food,4d4b7105d754a06374d81259,Afghan Restaurants,503288ae91d4c4b30a586d67,,,,
Food,4d4b7105d754a06374d81259,African Restaurants,4bf58dd8d48988d1c8941735,Ethiopian Restaurants,4bf58dd8d48988d10a941735,,
Food,4d4b7105d754a06374d81259,African Restaurants,4bf58dd8d48988d1c8941735,,,,
Food,4d4b7105d754a06374d81259,American Restaurants,4bf58dd8d48988d14e941735,New American Restaurants,4bf58dd8d48988d157941735,,
Food,4d4b7105d754a06374d81259,American Restaurants,4bf58dd8d48988d14e941735,,,,
Food,4d4b7105d754a06374d81259,Asian Restaurants,4bf58dd8d48988d142941735,Burmese Restaurants,56aa371be4b08b9a8d573568,,
Food,4d4b7105d754a06374d81259,Asian Restaurants,4bf58dd8d48988d142941735,Cambodian Restaurants,52e81612bcbc57f1066b7a03,,
Food,4d4b7105d754a06374d81259,Asian Restaurants,4bf58dd8d48988d142941735,Chinese Restaurants,4bf58dd8d48988d145941735,Anhui Restaurants,52af3a5e3cf9994f4e043bea
Food,4d4b7105d754a06374d81259,Asian Restaurants,4bf58dd8d48988d142941735,Chinese Restaurants,4bf58dd8d48988d145941735,Beijing Restaurants,52af3a723cf9994f4e043bec
Food,4d4b7105d754a06374d81259,Asian Restaurants,4bf58dd8d48988d142941735,Chinese Restaurants,4bf58dd8d48988d145941735,Cantonese Restaurants,52af3a7c3cf9994f4e043bed
Food,4d4b7105d754a06374d81259,Asian Restaurants,4bf58dd8d48988d142941735,Chinese Restaurants,4bf58dd8d48988d145941735,Chinese Aristocrat Restaurants,52af3a673cf9994f4e043beb
Food,4d4b7105d754a06374d81259,Asian Restaurants,4bf58dd8d48988d142941735,Chinese Restaurants,4bf58dd8d48988d145941735,Chinese Breakfast Places,52af3a903cf9994f4e043bee
Food,4d4b7105d754a06374d81259,Asian Restaurants,4bf58dd8d48988d142941735,Chinese Restaurants,4bf58dd8d48988d145941735,Dim Sum Restaurants,4bf58dd8d48988d1f5931735
Food,4d4b7105d754a06374d81259,Asian Restaurants,4bf58dd8d48988d142941735,Chinese Restaurants,4bf58dd8d48988d145941735,Dongbei Restaurants,52af3a9f3cf9994f4e043bef
Food,4d4b7105d754a06374d81259,Asian Restaurants,4bf58dd8d48988d142941735,Chinese Restaurants,4bf58dd8d48988d145941735,Fujian Restaurants,52af3aaa3cf9994f4e043bf0
Food,4d4b7105d754a06374d81259,Asian Restaurants,4bf58dd8d48988d142941735,Chinese Restaurants,4bf58dd8d48988d145941735,Guizhou Restaurants,52af3ab53cf9994f4e043bf1
Food,4d4b7105d754a06374d81259,Asian Restaurants,4bf58dd8d48988d142941735,Chinese Restaurants,4bf58dd8d48988d145941735,Hainan Restaurants,52af3abe3cf9994f4e043bf2
Food,4d4b7105d754a06374d81259,Asian Restaurants,4bf58dd8d48988d142941735,Chinese Restaurants,4bf58dd8d48988d145941735,Hakka Restaurants,52af3ac83cf9994f4e043bf3
Food,4d4b7105d754a06374d81259,Asian Restaurants,4bf58dd8d48988d142941735,Chinese Restaurants,4bf58dd8d48988d145941735,Henan Restaurants,52af3ad23cf9994f4e043bf4
Food,4d4b7105d754a06374d81259,Asian Restaurants,4bf58dd8d48988d142941735,Chinese Restaurants,4bf58dd8d48988d145941735,Hong Kong Restaurants,52af3add3cf9994f4e043bf5
Food,4d4b7105d754a06374d81259,Asian Restaurants,4bf58dd8d48988d142941735,Chinese Restaurants,4bf58dd8d48988d145941735,Huaiyang Restaurants,52af3af23cf9994f4e043bf7
Food,4d4b7105d754a06374d81259,Asian Restaurants,4bf58dd8d48988d142941735,Chinese Restaurants,4bf58dd8d48988d145941735,Hubei Restaurants,52af3ae63cf9994f4e043bf6
Food,4d4b7105d754a06374d81259,Asian Restaurants,4bf58dd8d48988d142941735,Chinese Restaurants,4bf58dd8d48988d145941735,Hunan Restaurants,52af3afc3cf9994f4e043bf8
Food,4d4b7105d754a06374d81259,Asian Restaurants,4bf58dd8d48988d142941735,Chinese Restaurants,4bf58dd8d48988d145941735,Imperial Restaurants,52af3b053cf9994f4e043bf9
Food,4d4b7105d754a06374d81259,Asian Restaurants,4bf58dd8d48988d142941735,Chinese Restaurants,4bf58dd8d48988d145941735,Jiangsu Restaurants,52af3b213cf9994f4e043bfa
Food,4d4b7105d754a06374d81259,Asian Restaurants,4bf58dd8d48988d142941735,Chinese Restaurants,4bf58dd8d48988d145941735,Jiangxi Restaurants,52af3b293cf9994f4e043bfb
Food,4d4b7105d754a06374d81259,Asian Restaurants,4bf58dd8d48988d142941735,Chinese Restaurants,4bf58dd8d48988d145941735,Macanese Restaurants,52af3b343cf9994f4e043bfc
Food,4d4b7105d754a06374d81259,Asian Restaurants,4bf58dd8d48988d142941735,Chinese Restaurants,4bf58dd8d48988d145941735,Manchu Restaurants,52af3b3b3cf9994f4e043bfd
Food,4d4b7105d754a06374d81259,Asian Restaurants,4bf58dd8d48988d142941735,Chinese Restaurants,4bf58dd8d48988d145941735,Peking Duck Restaurants,52af3b463cf9994f4e043bfe
Food,4d4b7105d754a06374d81259,Asian Restaurants,4bf58dd8d48988d142941735,Chinese Restaurants,4bf58dd8d48988d145941735,Shaanxi Restaurants,52af3b633cf9994f4e043c01
Food,4d4b7105d754a06374d81259,Asian Restaurants,4bf58dd8d48988d142941735,Chinese Restaurants,4bf58dd8d48988d145941735,Shandong Restaurants,52af3b513cf9994f4e043bff
Food,4d4b7105d754a06374d81259,Asian Restaurants,4bf58dd8d48988d142941735,Chinese Restaurants,4bf58dd8d48988d145941735,Shanghai Restaurants,52af3b593cf9994f4e043c00
Food,4d4b7105d754a06374d81259,Asian Restaurants,4bf58dd8d48988d142941735,Chinese Restaurants,4bf58dd8d48988d145941735,Shanxi Restaurants,52af3b6e3cf9994f4e043c02
Food,4d4b7105d754a06374d81259,Asian Restaurants,4bf58dd8d48988d142941735,Chinese Restaurants,4bf58dd8d48988d145941735,Szechuan Restaurants,52af3b773cf9994f4e043c03
Food,4d4b7105d754a06374d81259,Asian Restaurants,4bf58dd8d48988d142941735,Chinese Restaurants,4bf58dd8d48988d145941735,Taiwanese Restaurants,52af3b813cf9994f4e043c04
Food,4d4b7105d754a06374d81259,Asian Restaurants,4bf58dd8d48988d142941735,Chinese Restaurants,4bf58dd8d48988d145941735,Tianjin Restaurants,52af3b893cf9994f4e043c05
Food,4d4b7105d754a06374d81259,Asian Restaurants,4bf58dd8d48988d142941735,Chinese Restaurants,4bf58dd8d48988d145941735,Xinjiang Restaurants,52af3b913cf9994f4e043c06
Food,4d4b7105d754a06374d81259,Asian Restaurants,4bf58dd8d48988d142941735,Chinese Restaurants,4bf58dd8d48988d145941735,Yunnan Restaurants,52af3b9a3cf9994f4e043c07
Food,4d4b7105d754a06374d81259,Asian Restaurants,4bf58dd8d48988d142941735,Chinese Restaurants,4bf58dd8d48988d145941735,Zhejiang Restaurants,52af3ba23cf9994f4e043c08
Food,4d4b7105d754a06374d81259,Asian Restaurants,4bf58dd8d48988d142941735,Chinese Restaurants,4bf58dd8d48988d145941735,,
Food,4d4b7105d754a06374d81259,Asian Restaurants,4bf58dd8d48988d142941735,Filipino Restaurants,4eb1bd1c3b7b55596b4a748f,,
Food,4d4b7105d754a06374d81259,Asian Restaurants,4bf58dd8d48988d142941735,Himalayan Restaurants,52e81612bcbc57f1066b79fb,,
Food,4d4b7105d754a06374d81259,Asian Restaurants,4bf58dd8d48988d142941735,Hotpot Restaurants,52af0bd33cf9994f4e043bdd,,
Food,4d4b7105d754a06374d81259,Asian Restaurants,4bf58dd8d48988d142941735,Indonesian Restaurants,4deefc054765f83613cdba6f,Acehnese Restaurants,52960eda3cf9994f4e043ac9
Food,4d4b7105d754a06374d81259,Asian Restaurants,4bf58dd8d48988d142941735,Indonesian Restaurants,4deefc054765f83613cdba6f,Balinese Restaurants,52960eda3cf9994f4e043acb
Food,4d4b7105d754a06374d81259,Asian Restaurants,4bf58dd8d48988d142941735,Indonesian Restaurants,4deefc054765f83613cdba6f,Betawinese Restaurants,52960eda3cf9994f4e043aca
Food,4d4b7105d754a06374d81259,Asian Restaurants,4bf58dd8d48988d142941735,Indonesian Restaurants,4deefc054765f83613cdba6f,Indonesian Meatball Places,52960eda3cf9994f4e043acc
Food,4d4b7105d754a06374d81259,Asian Restaurants,4bf58dd8d48988d142941735,Indonesian Restaurants,4deefc054765f83613cdba6f,Javanese Restaurants,52960eda3cf9994f4e043ac7
Food,4d4b7105d754a06374d81259,Asian Restaurants,4bf58dd8d48988d142941735,Indonesian Restaurants,4deefc054765f83613cdba6f,Manadonese Restaurants,52960eda3cf9994f4e043ac8
Food,4d4b7105d754a06374d81259,Asian Restaurants,4bf58dd8d48988d142941735,Indonesian Restaurants,4deefc054765f83613cdba6f,Padangnese Restaurants,52960eda3cf9994f4e043ac5
Food,4d4b7105d754a06374d81259,Asian Restaurants,4bf58dd8d48988d142941735,Indonesian Restaurants,4deefc054765f83613cdba6f,Sundanese Restaurants,52960eda3cf9994f4e043ac6
Food,4d4b7105d754a06374d81259,Asian Restaurants,4bf58dd8d48988d142941735,Indonesian Restaurants,4deefc054765f83613cdba6f,,
Food,4d4b7105d754a06374d81259,Asian Restaurants,4bf58dd8d48988d142941735,Japanese Restaurants,4bf58dd8d48988d111941735,Donburi Restaurants,55a59bace4b013909087cb0c
Food,4d4b7105d754a06374d81259,Asian Restaurants,4bf58dd8d48988d142941735,Japanese Restaurants,4bf58dd8d48988d111941735,Japanese Curry Restaurants,55a59bace4b013909087cb30
Food,4d4b7105d754a06374d81259,Asian Restaurants,4bf58dd8d48988d142941735,Japanese Restaurants,4bf58dd8d48988d111941735,Kaiseki Restaurants,55a59bace4b013909087cb21
Food,4d4b7105d754a06374d81259,Asian Restaurants,4bf58dd8d48988d142941735,Japanese Restaurants,4bf58dd8d48988d111941735,Kushikatsu Restaurants,55a59bace4b013909087cb06
Food,4d4b7105d754a06374d81259,Asian Restaurants,4bf58dd8d48988d142941735,Japanese Restaurants,4bf58dd8d48988d111941735,Monjayaki Restaurants,55a59bace4b013909087cb1b
Food,4d4b7105d754a06374d81259,Asian Restaurants,4bf58dd8d48988d142941735,Japanese Restaurants,4bf58dd8d48988d111941735,Nabe Restaurants,55a59bace4b013909087cb1e
Food,4d4b7105d754a06374d81259,Asian Restaurants,4bf58dd8d48988d142941735,Japanese Restaurants,4bf58dd8d48988d111941735,Okonomiyaki Restaurants,55a59bace4b013909087cb18
Food,4d4b7105d754a06374d81259,Asian Restaurants,4bf58dd8d48988d142941735,Japanese Restaurants,4bf58dd8d48988d111941735,Ramen Restaurants,55a59bace4b013909087cb24
Food,4d4b7105d754a06374d81259,Asian Restaurants,4bf58dd8d48988d142941735,Japanese Restaurants,4bf58dd8d48988d111941735,Shabu-Shabu Restaurants,55a59bace4b013909087cb15
Food,4d4b7105d754a06374d81259,Asian Restaurants,4bf58dd8d48988d142941735,Japanese Restaurants,4bf58dd8d48988d111941735,Soba Restaurants,55a59bace4b013909087cb27
Food,4d4b7105d754a06374d81259,Asian Restaurants,4bf58dd8d48988d142941735,Japanese Restaurants,4bf58dd8d48988d111941735,Sukiyaki Restaurants,55a59bace4b013909087cb12
Food,4d4b7105d754a06374d81259,Asian Restaurants,4bf58dd8d48988d142941735,Japanese Restaurants,4bf58dd8d48988d111941735,Sushi Restaurants,4bf58dd8d48988d1d2941735
Food,4d4b7105d754a06374d81259,Asian Restaurants,4bf58dd8d48988d142941735,Japanese Restaurants,4bf58dd8d48988d111941735,Takoyaki Places,55a59bace4b013909087cb2d
Food,4d4b7105d754a06374d81259,Asian Restaurants,4bf58dd8d48988d142941735,Japanese Restaurants,4bf58dd8d48988d111941735,Tempura Restaurants,55a59a31e4b013909087cb00
Food,4d4b7105d754a06374d81259,Asian Restaurants,4bf58dd8d48988d142941735,Japanese Restaurants,4bf58dd8d48988d111941735,Tonkatsu Restaurants,55a59af1e4b013909087cb03
Food,4d4b7105d754a06374d81259,Asian Restaurants,4bf58dd8d48988d142941735,Japanese Restaurants,4bf58dd8d48988d111941735,Udon Restaurants,55a59bace4b013909087cb2a
Food,4d4b7105d754a06374d81259,Asian Restaurants,4bf58dd8d48988d142941735,Japanese Restaurants,4bf58dd8d48988d111941735,Unagi Restaurants,55a59bace4b013909087cb0f
Food,4d4b7105d754a06374d81259,Asian Restaurants,4bf58dd8d48988d142941735,Japanese Restaurants,4bf58dd8d48988d111941735,Wagashi Places,55a59bace4b013909087cb33
Food,4d4b7105d754a06374d81259,Asian Restaurants,4bf58dd8d48988d142941735,Japanese Restaurants,4bf58dd8d48988d111941735,Yakitori Restaurants,55a59bace4b013909087cb09
Food,4d4b7105d754a06374d81259,Asian Restaurants,4bf58dd8d48988d142941735,Japanese Restaurants,4bf58dd8d48988d111941735,Yoshoku Restaurants,55a59bace4b013909087cb36
Food,4d4b7105d754a06374d81259,Asian Restaurants,4bf58dd8d48988d142941735,Japanese Restaurants,4bf58dd8d48988d111941735,,
Food,4d4b7105d754a06374d81259,Asian Restaurants,4bf58dd8d48988d142941735,Korean Restaurants,4bf58dd8d48988d113941735,Bossam/Jokbal Restaurants,56aa371be4b08b9a8d5734e4
Food,4d4b7105d754a06374d81259,Asian Restaurants,4bf58dd8d48988d142941735,Korean Restaurants,4bf58dd8d48988d113941735,Bunsik Restaurants,56aa371be4b08b9a8d5734f0
Food,4d4b7105d754a06374d81259,Asian Restaurants,4bf58dd8d48988d142941735,Korean Restaurants,4bf58dd8d48988d113941735,Gukbap Restaurants,56aa371be4b08b9a8d5734e7
Food,4d4b7105d754a06374d81259,Asian Restaurants,4bf58dd8d48988d142941735,Korean Restaurants,4bf58dd8d48988d113941735,Janguh Restaurants,56aa371be4b08b9a8d5734ed
Food,4d4b7105d754a06374d81259,Asian Restaurants,4bf58dd8d48988d142941735,Korean Restaurants,4bf58dd8d48988d113941735,Samgyetang Restaurants,56aa371be4b08b9a8d5734ea
Food,4d4b7105d754a06374d81259,Asian Restaurants,4bf58dd8d48988d142941735,Korean Restaurants,4bf58dd8d48988d113941735,,
Food,4d4b7105d754a06374d81259,Asian Restaurants,4bf58dd8d48988d142941735,Malay Restaurants,4bf58dd8d48988d156941735,,
Food,4d4b7105d754a06374d81259,Asian Restaurants,4bf58dd8d48988d142941735,Mongolian Restaurants,4eb1d5724b900d56c88a45fe,,
Food,4d4b7105d754a06374d81259,Asian Restaurants,4bf58dd8d48988d142941735,Noodle Houses,4bf58dd8d48988d1d1941735,,
Food,4d4b7105d754a06374d81259,Asian Restaurants,4bf58dd8d48988d142941735,Satay Restaurants,56aa371be4b08b9a8d57350e,,
Food,4d4b7105d754a06374d81259,Asian Restaurants,4bf58dd8d48988d142941735,Thai Restaurants,4bf58dd8d48988d149941735,Som Tum Restaurants,56aa371be4b08b9a8d573502
Food,4d4b7105d754a06374d81259,Asian Restaurants,4bf58dd8d48988d142941735,Thai Restaurants,4bf58dd8d48988d149941735,,
Food,4d4b7105d754a06374d81259,Asian Restaurants,4bf58dd8d48988d142941735,Tibetan Restaurants,52af39fb3cf9994f4e043be9,,
Food,4d4b7105d754a06374d81259,Asian Restaurants,4bf58dd8d48988d142941735,Vietnamese Restaurants,4bf58dd8d48988d14a941735,,
Food,4d4b7105d754a06374d81259,Asian Restaurants,4bf58dd8d48988d142941735,,,,
Food,4d4b7105d754a06374d81259,Australian Restaurants,4bf58dd8d48988d169941735,,,,
Food,4d4b7105d754a06374d81259,Austrian Restaurants,52e81612bcbc57f1066b7a01,,,,
Food,4d4b7105d754a06374d81259,Bagel Shops,4bf58dd8d48988d179941735,,,,
Food,4d4b7105d754a06374d81259,Bakeries,4bf58dd8d48988d16a941735,,,,
Food,4d4b7105d754a06374d81259,BBQ Joints,4bf58dd8d48988d1df931735,,,,
Food,4d4b7105d754a06374d81259,Belgian Restaurants,52e81612bcbc57f1066b7a02,,,,
Food,4d4b7105d754a06374d81259,Bistros,52e81612bcbc57f1066b79f1,,,,
Food,4d4b7105d754a06374d81259,Brazilian Restaurants,4bf58dd8d48988d16b941735,Acai Houses,5294c7523cf9994f4e043a62,,
Food,4d4b7105d754a06374d81259,Brazilian Restaurants,4bf58dd8d48988d16b941735,Baiano Restaurants,52939ae13cf9994f4e043a3b,,
Food,4d4b7105d754a06374d81259,Brazilian Restaurants,4bf58dd8d48988d16b941735,Central Brazilian Restaurants,52939a9e3cf9994f4e043a36,,
Food,4d4b7105d754a06374d81259,Brazilian Restaurants,4bf58dd8d48988d16b941735,Churrascarias,52939a643cf9994f4e043a33,,
Food,4d4b7105d754a06374d81259,Brazilian Restaurants,4bf58dd8d48988d16b941735,Empada Houses,5294c55c3cf9994f4e043a61,,
Food,4d4b7105d754a06374d81259,Brazilian Restaurants,4bf58dd8d48988d16b941735,Goiano Restaurants,52939af83cf9994f4e043a3d,,
Food,4d4b7105d754a06374d81259,Brazilian Restaurants,4bf58dd8d48988d16b941735,Mineiro Restaurants,52939aed3cf9994f4e043a3c,,
Food,4d4b7105d754a06374d81259,Brazilian Restaurants,4bf58dd8d48988d16b941735,Northeastern Brazilian Restaurants,52939aae3cf9994f4e043a37,,
Food,4d4b7105d754a06374d81259,Brazilian Restaurants,4bf58dd8d48988d16b941735,Northern Brazilian Restaurants,52939ab93cf9994f4e043a38,,
Food,4d4b7105d754a06374d81259,Brazilian Restaurants,4bf58dd8d48988d16b941735,Pastelarias,5294cbda3cf9994f4e043a63,,
Food,4d4b7105d754a06374d81259,Brazilian Restaurants,4bf58dd8d48988d16b941735,Southeastern Brazilian Restaurants,52939ac53cf9994f4e043a39,,
Food,4d4b7105d754a06374d81259,Brazilian Restaurants,4bf58dd8d48988d16b941735,Southern Brazilian Restaurants,52939ad03cf9994f4e043a3a,,
Food,4d4b7105d754a06374d81259,Brazilian Restaurants,4bf58dd8d48988d16b941735,Tapiocarias,52939a7d3cf9994f4e043a34,,
Food,4d4b7105d754a06374d81259,Brazilian Restaurants,4bf58dd8d48988d16b941735,,,,
Food,4d4b7105d754a06374d81259,Breakfast Spots,4bf58dd8d48988d143941735,,,,
Food,4d4b7105d754a06374d81259,Bubble Tea Shops,52e81612bcbc57f1066b7a0c,,,,
Food,4d4b7105d754a06374d81259,Buffets,52e81612bcbc57f1066b79f4,,,,
Food,4d4b7105d754a06374d81259,Burger Joints,4bf58dd8d48988d16c941735,,,,
Food,4d4b7105d754a06374d81259,Cafés,4bf58dd8d48988d16d941735,,,,
Food,4d4b7105d754a06374d81259,Cafeterias,4bf58dd8d48988d128941735,,,,
Food,4d4b7105d754a06374d81259,Cajun / Creole Restaurants,4bf58dd8d48988d17a941735,,,,
Food,4d4b7105d754a06374d81259,Caribbean Restaurants,4bf58dd8d48988d144941735,,,,
Food,4d4b7105d754a06374d81259,Caucasian Restaurants,5293a7d53cf9994f4e043a45,,,,
Food,4d4b7105d754a06374d81259,Coffee Shops,4bf58dd8d48988d1e0931735,,,,
Food,4d4b7105d754a06374d81259,Comfort Food Restaurants,52e81612bcbc57f1066b7a00,,,,
Food,4d4b7105d754a06374d81259,Creperies,52e81612bcbc57f1066b79f2,,,,
Food,4d4b7105d754a06374d81259,Czech Restaurants,52f2ae52bcbc57f1066b8b81,,,,
Food,4d4b7105d754a06374d81259,Delis / Bodegas,4bf58dd8d48988d146941735,,,,
Food,4d4b7105d754a06374d81259,Dessert Shops,4bf58dd8d48988d1d0941735,Cupcake Shops,4bf58dd8d48988d1bc941735,,
Food,4d4b7105d754a06374d81259,Dessert Shops,4bf58dd8d48988d1d0941735,Frozen Yogurt,512e7cae91d4cbb4e5efe0af,,
Food,4d4b7105d754a06374d81259,Dessert Shops,4bf58dd8d48988d1d0941735,Ice Cream Shops,4bf58dd8d48988d1c9941735,,
Food,4d4b7105d754a06374d81259,Dessert Shops,4bf58dd8d48988d1d0941735,Pie Shops,52e81612bcbc57f1066b7a0a,,
Food,4d4b7105d754a06374d81259,Dessert Shops,4bf58dd8d48988d1d0941735,,,,
Food,4d4b7105d754a06374d81259,Diners,4bf58dd8d48988d147941735,,,,
Food,4d4b7105d754a06374d81259,Donut Shops,4bf58dd8d48988d148941735,,,,
Food,4d4b7105d754a06374d81259,Dumpling Restaurants,4bf58dd8d48988d108941735,,,,
Food,4d4b7105d754a06374d81259,Eastern European Restaurants,4bf58dd8d48988d109941735,Belarusian Restaurants,52e928d0bcbc57f1066b7e97,,
Food,4d4b7105d754a06374d81259,Eastern European Restaurants,4bf58dd8d48988d109941735,Bulgarian Restaurants,56aa371be4b08b9a8d5734f3,,
Food,4d4b7105d754a06374d81259,Eastern European Restaurants,4bf58dd8d48988d109941735,Romanian Restaurants,52960bac3cf9994f4e043ac4,,
Food,4d4b7105d754a06374d81259,Eastern European Restaurants,4bf58dd8d48988d109941735,Tatar Restaurants,52e928d0bcbc57f1066b7e98,,
Food,4d4b7105d754a06374d81259,Eastern European Restaurants,4bf58dd8d48988d109941735,,,,
Food,4d4b7105d754a06374d81259,English Restaurants,52e81612bcbc57f1066b7a05,,,,
Food,4d4b7105d754a06374d81259,Falafel Restaurants,4bf58dd8d48988d10b941735,,,,
Food,4d4b7105d754a06374d81259,Fast Food Restaurants,4bf58dd8d48988d16e941735,,,,
Food,4d4b7105d754a06374d81259,Fish & Chips Shops,4edd64a0c7ddd24ca188df1a,,,,
Food,4d4b7105d754a06374d81259,Fondue Restaurants,52e81612bcbc57f1066b7a09,,,,
Food,4d4b7105d754a06374d81259,Food Courts,4bf58dd8d48988d120951735,,,,
Food,4d4b7105d754a06374d81259,Food Stands,56aa371be4b08b9a8d57350b,,,,
Food,4d4b7105d754a06374d81259,Food Trucks,4bf58dd8d48988d1cb941735,,,,
Food,4d4b7105d754a06374d81259,French Restaurants,4bf58dd8d48988d10c941735,,,,
Food,4d4b7105d754a06374d81259,Fried Chicken Joints,4d4ae6fc7a7b7dea34424761,,,,
Food,4d4b7105d754a06374d81259,Friteries,55d25775498e9f6a0816a37a,,,,
Food,4d4b7105d754a06374d81259,Gastropubs,4bf58dd8d48988d155941735,,,,
Food,4d4b7105d754a06374d81259,German Restaurants,4bf58dd8d48988d10d941735,Apple Wine Pubs,56aa371ce4b08b9a8d573583,,
Food,4d4b7105d754a06374d81259,German Restaurants,4bf58dd8d48988d10d941735,Bavarian Restaurants,56aa371ce4b08b9a8d573572,,
Food,4d4b7105d754a06374d81259,German Restaurants,4bf58dd8d48988d10d941735,Bratwurst Joints,56aa371ce4b08b9a8d57358e,,
Food,4d4b7105d754a06374d81259,German Restaurants,4bf58dd8d48988d10d941735,Currywurst Joints,56aa371ce4b08b9a8d57358b,,
Food,4d4b7105d754a06374d81259,German Restaurants,4bf58dd8d48988d10d941735,Franconian Restaurants,56aa371ce4b08b9a8d573574,,
Food,4d4b7105d754a06374d81259,German Restaurants,4bf58dd8d48988d10d941735,German Pop-Up Restaurants,56aa371ce4b08b9a8d573592,,
Food,4d4b7105d754a06374d81259,German Restaurants,4bf58dd8d48988d10d941735,Palatine Restaurants,56aa371ce4b08b9a8d573578,,
Food,4d4b7105d754a06374d81259,German Restaurants,4bf58dd8d48988d10d941735,Rhenisch Restaurants,56aa371ce4b08b9a8d57357b,,
Food,4d4b7105d754a06374d81259,German Restaurants,4bf58dd8d48988d10d941735,Schnitzel Restaurants,56aa371ce4b08b9a8d573587,,
Food,4d4b7105d754a06374d81259,German Restaurants,4bf58dd8d48988d10d941735,Silesian Restaurants,56aa371ce4b08b9a8d57357f,,
Food,4d4b7105d754a06374d81259,German Restaurants,4bf58dd8d48988d10d941735,Swabian Restaurants,56aa371ce4b08b9a8d573576,,
Food,4d4b7105d754a06374d81259,German Restaurants,4bf58dd8d48988d10d941735,,,,
Food,4d4b7105d754a06374d81259,Gluten-free Restaurants,4c2cd86ed066bed06c3c5209,,,,
Food,4d4b7105d754a06374d81259,Greek Restaurants,4bf58dd8d48988d10e941735,Bougatsa Shops,53d6c1b0e4b02351e88a83e8,,
Food,4d4b7105d754a06374d81259,Greek Restaurants,4bf58dd8d48988d10e941735,Cretan Restaurants,53d6c1b0e4b02351e88a83e2,,
Food,4d4b7105d754a06374d81259,Greek Restaurants,4bf58dd8d48988d10e941735,Fish Tavernas,53d6c1b0e4b02351e88a83d8,,
Food,4d4b7105d754a06374d81259,Greek Restaurants,4bf58dd8d48988d10e941735,Grilled Meat Restaurants,53d6c1b0e4b02351e88a83d6,,
Food,4d4b7105d754a06374d81259,Greek Restaurants,4bf58dd8d48988d10e941735,Kafenia,53d6c1b0e4b02351e88a83e6,,
Food,4d4b7105d754a06374d81259,Greek Restaurants,4bf58dd8d48988d10e941735,Magirio,53d6c1b0e4b02351e88a83e4,,
Food,4d4b7105d754a06374d81259,Greek Restaurants,4bf58dd8d48988d10e941735,Meze Restaurants,53d6c1b0e4b02351e88a83da,,
Food,4d4b7105d754a06374d81259,Greek Restaurants,4bf58dd8d48988d10e941735,Modern Greek Restaurants,53d6c1b0e4b02351e88a83d4,,
Food,4d4b7105d754a06374d81259,Greek Restaurants,4bf58dd8d48988d10e941735,Ouzeries,53d6c1b0e4b02351e88a83dc,,
Food,4d4b7105d754a06374d81259,Greek Restaurants,4bf58dd8d48988d10e941735,Patsa Restaurants,53d6c1b0e4b02351e88a83e0,,
Food,4d4b7105d754a06374d81259,Greek Restaurants,4bf58dd8d48988d10e941735,Souvlaki Shops,52e81612bcbc57f1066b79f3,,
Food,4d4b7105d754a06374d81259,Greek Restaurants,4bf58dd8d48988d10e941735,Tavernas,53d6c1b0e4b02351e88a83d2,,
Food,4d4b7105d754a06374d81259,Greek Restaurants,4bf58dd8d48988d10e941735,Tsipouro Restaurants,53d6c1b0e4b02351e88a83de,,
Food,4d4b7105d754a06374d81259,Greek Restaurants,4bf58dd8d48988d10e941735,,,,
Food,4d4b7105d754a06374d81259,Halal Restaurants,52e81612bcbc57f1066b79ff,,,,
Food,4d4b7105d754a06374d81259,Hawaiian Restaurants,52e81612bcbc57f1066b79fe,,,,
Food,4d4b7105d754a06374d81259,Hot Dog Joints,4bf58dd8d48988d16f941735,,,,
Food,4d4b7105d754a06374d81259,Hungarian Restaurants,52e81612bcbc57f1066b79fa,,,,
Food,4d4b7105d754a06374d81259,Indian Restaurants,4bf58dd8d48988d10f941735,Andhra Restaurants,54135bf5e4b08f3d2429dfe5,,
Food,4d4b7105d754a06374d81259,Indian Restaurants,4bf58dd8d48988d10f941735,Awadhi Restaurants,54135bf5e4b08f3d2429dff3,,
Food,4d4b7105d754a06374d81259,Indian Restaurants,4bf58dd8d48988d10f941735,Bengali Restaurants,54135bf5e4b08f3d2429dff5,,
Food,4d4b7105d754a06374d81259,Indian Restaurants,4bf58dd8d48988d10f941735,Chaat Places,54135bf5e4b08f3d2429dfe2,,
Food,4d4b7105d754a06374d81259,Indian Restaurants,4bf58dd8d48988d10f941735,Chettinad Restaurants,54135bf5e4b08f3d2429dff2,,
Food,4d4b7105d754a06374d81259,Indian Restaurants,4bf58dd8d48988d10f941735,Dhabas,54135bf5e4b08f3d2429dfe1,,
Food,4d4b7105d754a06374d81259,Indian Restaurants,4bf58dd8d48988d10f941735,Dosa Places,54135bf5e4b08f3d2429dfe3,,
Food,4d4b7105d754a06374d81259,Indian Restaurants,4bf58dd8d48988d10f941735,Goan Restaurants,54135bf5e4b08f3d2429dfe8,,
Food,4d4b7105d754a06374d81259,Indian Restaurants,4bf58dd8d48988d10f941735,Gujarati Restaurants,54135bf5e4b08f3d2429dfe9,,
Food,4d4b7105d754a06374d81259,Indian Restaurants,4bf58dd8d48988d10f941735,Hyderabadi Restaurants,54135bf5e4b08f3d2429dfe6,,
Food,4d4b7105d754a06374d81259,Indian Restaurants,4bf58dd8d48988d10f941735,Indian Chinese Restaurants,54135bf5e4b08f3d2429dfdf,,
Food,4d4b7105d754a06374d81259,Indian Restaurants,4bf58dd8d48988d10f941735,Indian Sweet Shops,54135bf5e4b08f3d2429dfe4,,
Food,4d4b7105d754a06374d81259,Indian Restaurants,4bf58dd8d48988d10f941735,Irani Cafes,54135bf5e4b08f3d2429dfe7,,
Food,4d4b7105d754a06374d81259,Indian Restaurants,4bf58dd8d48988d10f941735,Jain Restaurants,54135bf5e4b08f3d2429dfea,,
Food,4d4b7105d754a06374d81259,Indian Restaurants,4bf58dd8d48988d10f941735,Karnataka Restaurants,54135bf5e4b08f3d2429dfeb,,
Food,4d4b7105d754a06374d81259,Indian Restaurants,4bf58dd8d48988d10f941735,Kerala Restaurants,54135bf5e4b08f3d2429dfed,,
Food,4d4b7105d754a06374d81259,Indian Restaurants,4bf58dd8d48988d10f941735,Maharashtrian Restaurants,54135bf5e4b08f3d2429dfee,,
Food,4d4b7105d754a06374d81259,Indian Restaurants,4bf58dd8d48988d10f941735,Mughlai Restaurants,54135bf5e4b08f3d2429dff4,,
Food,4d4b7105d754a06374d81259,Indian Restaurants,4bf58dd8d48988d10f941735,Multicuisine Indian Restaurants,54135bf5e4b08f3d2429dfe0,,
Food,4d4b7105d754a06374d81259,Indian Restaurants,4bf58dd8d48988d10f941735,North Indian Restaurants,54135bf5e4b08f3d2429dfdd,,
Food,4d4b7105d754a06374d81259,Indian Restaurants,4bf58dd8d48988d10f941735,Northeast Indian Restaurants,54135bf5e4b08f3d2429dff6,,
Food,4d4b7105d754a06374d81259,Indian Restaurants,4bf58dd8d48988d10f941735,Parsi Restaurants,54135bf5e4b08f3d2429dfef,,
Food,4d4b7105d754a06374d81259,Indian Restaurants,4bf58dd8d48988d10f941735,Punjabi Restaurants,54135bf5e4b08f3d2429dff0,,
Food,4d4b7105d754a06374d81259,Indian Restaurants,4bf58dd8d48988d10f941735,Rajasthani Restaurants,54135bf5e4b08f3d2429dff1,,
Food,4d4b7105d754a06374d81259,Indian Restaurants,4bf58dd8d48988d10f941735,South Indian Restaurants,54135bf5e4b08f3d2429dfde,,
Food,4d4b7105d754a06374d81259,Indian Restaurants,4bf58dd8d48988d10f941735,Udupi Restaurants,54135bf5e4b08f3d2429dfec,,
Food,4d4b7105d754a06374d81259,Indian Restaurants,4bf58dd8d48988d10f941735,,,,
Food,4d4b7105d754a06374d81259,Irish Pubs,52e81612bcbc57f1066b7a06,,,,
Food,4d4b7105d754a06374d81259,Italian Restaurants,4bf58dd8d48988d110941735,Abruzzo Restaurants,55a5a1ebe4b013909087cbb6,,
Food,4d4b7105d754a06374d81259,Italian Restaurants,4bf58dd8d48988d110941735,Agriturismos,55a5a1ebe4b013909087cb7c,,
Food,4d4b7105d754a06374d81259,Italian Restaurants,4bf58dd8d48988d110941735,Aosta Restaurants,55a5a1ebe4b013909087cba7,,
Food,4d4b7105d754a06374d81259,Italian Restaurants,4bf58dd8d48988d110941735,Basilicata Restaurants,55a5a1ebe4b013909087cba1,,
Food,4d4b7105d754a06374d81259,Italian Restaurants,4bf58dd8d48988d110941735,Calabria Restaurants,55a5a1ebe4b013909087cba4,,
Food,4d4b7105d754a06374d81259,Italian Restaurants,4bf58dd8d48988d110941735,Campanian Restaurants,55a5a1ebe4b013909087cb95,,
Food,4d4b7105d754a06374d81259,Italian Restaurants,4bf58dd8d48988d110941735,Emilia Restaurants,55a5a1ebe4b013909087cb89,,
Food,4d4b7105d754a06374d81259,Italian Restaurants,4bf58dd8d48988d110941735,Friuli Restaurants,55a5a1ebe4b013909087cb9b,,
Food,4d4b7105d754a06374d81259,Italian Restaurants,4bf58dd8d48988d110941735,Ligurian Restaurants,55a5a1ebe4b013909087cb98,,
Food,4d4b7105d754a06374d81259,Italian Restaurants,4bf58dd8d48988d110941735,Lombard Restaurants,55a5a1ebe4b013909087cbbf,,
Food,4d4b7105d754a06374d81259,Italian Restaurants,4bf58dd8d48988d110941735,Malgas,55a5a1ebe4b013909087cb79,,
Food,4d4b7105d754a06374d81259,Italian Restaurants,4bf58dd8d48988d110941735,Marche Restaurants,55a5a1ebe4b013909087cbb0,,
Food,4d4b7105d754a06374d81259,Italian Restaurants,4bf58dd8d48988d110941735,Molise Restaurants,55a5a1ebe4b013909087cbb3,,
Food,4d4b7105d754a06374d81259,Italian Restaurants,4bf58dd8d48988d110941735,Piadinerias,55a5a1ebe4b013909087cb74,,
Food,4d4b7105d754a06374d81259,Italian Restaurants,4bf58dd8d48988d110941735,Piedmontese Restaurants,55a5a1ebe4b013909087cbaa,,
Food,4d4b7105d754a06374d81259,Italian Restaurants,4bf58dd8d48988d110941735,Puglia Restaurants,55a5a1ebe4b013909087cb83,,
Food,4d4b7105d754a06374d81259,Italian Restaurants,4bf58dd8d48988d110941735,Romagna Restaurants,55a5a1ebe4b013909087cb8c,,
Food,4d4b7105d754a06374d81259,Italian Restaurants,4bf58dd8d48988d110941735,Roman Restaurants,55a5a1ebe4b013909087cb92,,
Food,4d4b7105d754a06374d81259,Italian Restaurants,4bf58dd8d48988d110941735,Sardinian Restaurants,55a5a1ebe4b013909087cb8f,,
Food,4d4b7105d754a06374d81259,Italian Restaurants,4bf58dd8d48988d110941735,Sicilian Restaurants,55a5a1ebe4b013909087cb86,,
Food,4d4b7105d754a06374d81259,Italian Restaurants,4bf58dd8d48988d110941735,South Tyrolean Restaurants,55a5a1ebe4b013909087cbb9,,
Food,4d4b7105d754a06374d81259,Italian Restaurants,4bf58dd8d48988d110941735,Trattorias/Osterias,55a5a1ebe4b013909087cb7f,,
Food,4d4b7105d754a06374d81259,Italian Restaurants,4bf58dd8d48988d110941735,Trentino Restaurants,55a5a1ebe4b013909087cbbc,,
Food,4d4b7105d754a06374d81259,Italian Restaurants,4bf58dd8d48988d110941735,Tuscan Restaurants,55a5a1ebe4b013909087cb9e,,
Food,4d4b7105d754a06374d81259,Italian Restaurants,4bf58dd8d48988d110941735,Umbrian Restaurants,55a5a1ebe4b013909087cbc2,,
Food,4d4b7105d754a06374d81259,Italian Restaurants,4bf58dd8d48988d110941735,Veneto Restaurants,55a5a1ebe4b013909087cbad,,
Food,4d4b7105d754a06374d81259,Italian Restaurants,4bf58dd8d48988d110941735,,,,
Food,4d4b7105d754a06374d81259,Jewish Restaurants,52e81612bcbc57f1066b79fd,Kosher Restaurants,52e81612bcbc57f1066b79fc,,
Food,4d4b7105d754a06374d81259,Jewish Restaurants,52e81612bcbc57f1066b79fd,,,,
Food,4d4b7105d754a06374d81259,Juice Bars,4bf58dd8d48988d112941735,,,,
Food,4d4b7105d754a06374d81259,Latin American Restaurants,4bf58dd8d48988d1be941735,Arepa Restaurants,4bf58dd8d48988d152941735,,
Food,4d4b7105d754a06374d81259,Latin American Restaurants,4bf58dd8d48988d1be941735,Cuban Restaurants,4bf58dd8d48988d154941735,,
Food,4d4b7105d754a06374d81259,Latin American Restaurants,4bf58dd8d48988d1be941735,Empanada Restaurants,52939a8c3cf9994f4e043a35,,
Food,4d4b7105d754a06374d81259,Latin American Restaurants,4bf58dd8d48988d1be941735,,,,
Food,4d4b7105d754a06374d81259,Mac & Cheese Joints,4bf58dd8d48988d1bf941735,,,,
Food,4d4b7105d754a06374d81259,Mediterranean Restaurants,4bf58dd8d48988d1c0941735,Moroccan Restaurants,4bf58dd8d48988d1c3941735,,
Food,4d4b7105d754a06374d81259,Mediterranean Restaurants,4bf58dd8d48988d1c0941735,,,,
Food,4d4b7105d754a06374d81259,Mexican Restaurants,4bf58dd8d48988d1c1941735,Burrito Places,4bf58dd8d48988d153941735,,
Food,4d4b7105d754a06374d81259,Mexican Restaurants,4bf58dd8d48988d1c1941735,Taco Places,4bf58dd8d48988d151941735,,
Food,4d4b7105d754a06374d81259,Mexican Restaurants,4bf58dd8d48988d1c1941735,Tex-Mex Restaurants,56aa371ae4b08b9a8d5734ba,,
Food,4d4b7105d754a06374d81259,Mexican Restaurants,4bf58dd8d48988d1c1941735,,,,
Food,4d4b7105d754a06374d81259,Middle Eastern Restaurants,4bf58dd8d48988d115941735,Israeli Restaurants,56aa371be4b08b9a8d573529,,
Food,4d4b7105d754a06374d81259,Middle Eastern Restaurants,4bf58dd8d48988d115941735,Persian Restaurants,52e81612bcbc57f1066b79f7,,
Food,4d4b7105d754a06374d81259,Middle Eastern Restaurants,4bf58dd8d48988d115941735,,,,
Food,4d4b7105d754a06374d81259,Modern European Restaurants,52e81612bcbc57f1066b79f9,,,,
Food,4d4b7105d754a06374d81259,Molecular Gastronomy Restaurants,4bf58dd8d48988d1c2941735,,,,
Food,4d4b7105d754a06374d81259,Pakistani Restaurants,52e81612bcbc57f1066b79f8,,,,
Food,4d4b7105d754a06374d81259,Pet Cafés,56aa371be4b08b9a8d573508,,,,
Food,4d4b7105d754a06374d81259,Pizza Places,4bf58dd8d48988d1ca941735,,,,
Food,4d4b7105d754a06374d81259,Polish Restaurants,52e81612bcbc57f1066b7a04,,,,
Food,4d4b7105d754a06374d81259,Portuguese Restaurants,4def73e84765ae376e57713a,,,,
Food,4d4b7105d754a06374d81259,Poutine Places,56aa371be4b08b9a8d5734c7,,,,
Food,4d4b7105d754a06374d81259,Restaurants,4bf58dd8d48988d1c4941735,,,,
Food,4d4b7105d754a06374d81259,Russian Restaurants,5293a7563cf9994f4e043a44,Blini Houses,52e928d0bcbc57f1066b7e9d,,
Food,4d4b7105d754a06374d81259,Russian Restaurants,5293a7563cf9994f4e043a44,Pelmeni Houses,52e928d0bcbc57f1066b7e9c,,
Food,4d4b7105d754a06374d81259,Russian Restaurants,5293a7563cf9994f4e043a44,,,,
Food,4d4b7105d754a06374d81259,Salad Places,4bf58dd8d48988d1bd941735,,,,
Food,4d4b7105d754a06374d81259,Sandwich Places,4bf58dd8d48988d1c5941735,,,,
Food,4d4b7105d754a06374d81259,Scandinavian Restaurants,4bf58dd8d48988d1c6941735,,,,
Food,4d4b7105d754a06374d81259,Seafood Restaurants,4bf58dd8d48988d1ce941735,,,,
Food,4d4b7105d754a06374d81259,Slovak Restaurants,56aa371be4b08b9a8d57355a,,,,
Food,4d4b7105d754a06374d81259,Snack Places,4bf58dd8d48988d1c7941735,,,,
Food,4d4b7105d754a06374d81259,Soup Places,4bf58dd8d48988d1dd931735,,,,
Food,4d4b7105d754a06374d81259,South American Restaurants,4bf58dd8d48988d1cd941735,Argentinian Restaurants,4bf58dd8d48988d107941735,,
Food,4d4b7105d754a06374d81259,South American Restaurants,4bf58dd8d48988d1cd941735,Peruvian Restaurants,4eb1bfa43b7b52c0e1adc2e8,,
Food,4d4b7105d754a06374d81259,South American Restaurants,4bf58dd8d48988d1cd941735,Venezuelan Restaurants,56aa371be4b08b9a8d573558,,
Food,4d4b7105d754a06374d81259,South American Restaurants,4bf58dd8d48988d1cd941735,,,,
Food,4d4b7105d754a06374d81259,Southern / Soul Food Restaurants,4bf58dd8d48988d14f941735,,,,
Food,4d4b7105d754a06374d81259,Spanish Restaurants,4bf58dd8d48988d150941735,Paella Restaurants,4bf58dd8d48988d14d941735,,
Food,4d4b7105d754a06374d81259,Spanish Restaurants,4bf58dd8d48988d150941735,Tapas Restaurants,4bf58dd8d48988d1db931735,,
Food,4d4b7105d754a06374d81259,Spanish Restaurants,4bf58dd8d48988d150941735,,,,
Food,4d4b7105d754a06374d81259,Sri Lankan Restaurants,5413605de4b0ae91d18581a9,,,,
Food,4d4b7105d754a06374d81259,Steakhouses,4bf58dd8d48988d1cc941735,,,,
Food,4d4b7105d754a06374d81259,Swiss Restaurants,4bf58dd8d48988d158941735,,,,
Food,4d4b7105d754a06374d81259,Tea Rooms,4bf58dd8d48988d1dc931735,,,,
Food,4d4b7105d754a06374d81259,Theme Restaurants,56aa371be4b08b9a8d573538,,,,
Food,4d4b7105d754a06374d81259,Turkish Restaurants,4f04af1f2fb6e1c99f3db0bb,Borek Places,530faca9bcbc57f1066bc2f3,,
Food,4d4b7105d754a06374d81259,Turkish Restaurants,4f04af1f2fb6e1c99f3db0bb,Cigkofte Places,530faca9bcbc57f1066bc2f4,,
Food,4d4b7105d754a06374d81259,Turkish Restaurants,4f04af1f2fb6e1c99f3db0bb,Doner Restaurants,5283c7b4e4b094cb91ec88d8,,
Food,4d4b7105d754a06374d81259,Turkish Restaurants,4f04af1f2fb6e1c99f3db0bb,Gozleme Places,5283c7b4e4b094cb91ec88d9,,
Food,4d4b7105d754a06374d81259,Turkish Restaurants,4f04af1f2fb6e1c99f3db0bb,Kebab Restaurants,5283c7b4e4b094cb91ec88d7,,
Food,4d4b7105d754a06374d81259,Turkish Restaurants,4f04af1f2fb6e1c99f3db0bb,Kofte Places,5283c7b4e4b094cb91ec88db,,
Food,4d4b7105d754a06374d81259,Turkish Restaurants,4f04af1f2fb6e1c99f3db0bb,Kokoreç Restaurants,5283c7b4e4b094cb91ec88d6,,
Food,4d4b7105d754a06374d81259,Turkish Restaurants,4f04af1f2fb6e1c99f3db0bb,Kumpir Restaurants,56aa371be4b08b9a8d573535,,
Food,4d4b7105d754a06374d81259,Turkish Restaurants,4f04af1f2fb6e1c99f3db0bb,Kumru Restaurants,56aa371be4b08b9a8d5734bd,,
Food,4d4b7105d754a06374d81259,Turkish Restaurants,4f04af1f2fb6e1c99f3db0bb,Manti Places,5283c7b4e4b094cb91ec88d5,,
Food,4d4b7105d754a06374d81259,Turkish Restaurants,4f04af1f2fb6e1c99f3db0bb,Meyhanes,5283c7b4e4b094cb91ec88da,,
Food,4d4b7105d754a06374d81259,Turkish Restaurants,4f04af1f2fb6e1c99f3db0bb,Pide Places,530faca9bcbc57f1066bc2f2,,
Food,4d4b7105d754a06374d81259,Turkish Restaurants,4f04af1f2fb6e1c99f3db0bb,Tantuni Restaurants,56aa371be4b08b9a8d5734bf,,
Food,4d4b7105d754a06374d81259,Turkish Restaurants,4f04af1f2fb6e1c99f3db0bb,Turkish Coffeehouses,56aa371be4b08b9a8d5734c1,,
Food,4d4b7105d754a06374d81259,Turkish Restaurants,4f04af1f2fb6e1c99f3db0bb,Turkish Home Cooking Restaurants,5283c7b4e4b094cb91ec88d4,,
Food,4d4b7105d754a06374d81259,Turkish Restaurants,4f04af1f2fb6e1c99f3db0bb,,,,
Food,4d4b7105d754a06374d81259,Ukrainian Restaurants,52e928d0bcbc57f1066b7e96,Varenyky Restaurants,52e928d0bcbc57f1066b7e9a,,
Food,4d4b7105d754a06374d81259,Ukrainian Restaurants,52e928d0bcbc57f1066b7e96,West-Ukrainian Restaurants,52e928d0bcbc57f1066b7e9b,,
Food,4d4b7105d754a06374d81259,Ukrainian Restaurants,52e928d0bcbc57f1066b7e96,,,,
Food,4d4b7105d754a06374d81259,Vegetarian / Vegan Restaurants,4bf58dd8d48988d1d3941735,,,,
Food,4d4b7105d754a06374d81259,Wings Joints,4bf58dd8d48988d14c941735,,,,
Food,4d4b7105d754a06374d81259,,,,,,
Nightlife Spots,4d4b7105d754a06376d81259,Bars,4bf58dd8d48988d116941735,Beach Bars,52e81612bcbc57f1066b7a0d,,
Nightlife Spots,4d4b7105d754a06376d81259,Bars,4bf58dd8d48988d116941735,Beer Bars,56aa371ce4b08b9a8d57356c,,
Nightlife Spots,4d4b7105d754a06376d81259,Bars,4bf58dd8d48988d116941735,Beer Gardens,4bf58dd8d48988d117941735,,
Nightlife Spots,4d4b7105d754a06376d81259,Bars,4bf58dd8d48988d116941735,Champagne Bars,52e81612bcbc57f1066b7a0e,,
Nightlife Spots,4d4b7105d754a06376d81259,Bars,4bf58dd8d48988d116941735,Cocktail Bars,4bf58dd8d48988d11e941735,,
Nightlife Spots,4d4b7105d754a06376d81259,Bars,4bf58dd8d48988d116941735,Dive Bars,4bf58dd8d48988d118941735,,
Nightlife Spots,4d4b7105d754a06376d81259,Bars,4bf58dd8d48988d116941735,Gay Bars,4bf58dd8d48988d1d8941735,,
Nightlife Spots,4d4b7105d754a06376d81259,Bars,4bf58dd8d48988d116941735,Hookah Bars,4bf58dd8d48988d119941735,,
Nightlife Spots,4d4b7105d754a06376d81259,Bars,4bf58dd8d48988d116941735,Hotel Bars,4bf58dd8d48988d1d5941735,,
Nightlife Spots,4d4b7105d754a06376d81259,Bars,4bf58dd8d48988d116941735,Karaoke Bars,4bf58dd8d48988d120941735,,
Nightlife Spots,4d4b7105d754a06376d81259,Bars,4bf58dd8d48988d116941735,Pubs,4bf58dd8d48988d11b941735,,
Nightlife Spots,4d4b7105d754a06376d81259,Bars,4bf58dd8d48988d116941735,Sake Bars,4bf58dd8d48988d11c941735,,
Nightlife Spots,4d4b7105d754a06376d81259,Bars,4bf58dd8d48988d116941735,Sports Bars,4bf58dd8d48988d11d941735,,
Nightlife Spots,4d4b7105d754a06376d81259,Bars,4bf58dd8d48988d116941735,Tiki Bars,56aa371be4b08b9a8d57354d,,
Nightlife Spots,4d4b7105d754a06376d81259,Bars,4bf58dd8d48988d116941735,Whisky Bars,4bf58dd8d48988d122941735,,
Nightlife Spots,4d4b7105d754a06376d81259,Bars,4bf58dd8d48988d116941735,Wine Bars,4bf58dd8d48988d123941735,,
Nightlife Spots,4d4b7105d754a06376d81259,Bars,4bf58dd8d48988d116941735,,,,
Nightlife Spots,4d4b7105d754a06376d81259,Breweries,50327c8591d4c4b30a586d5d,,,,
Nightlife Spots,4d4b7105d754a06376d81259,Lounges,4bf58dd8d48988d121941735,,,,
Nightlife Spots,4d4b7105d754a06376d81259,Night Markets,53e510b7498ebcb1801b55d4,,,,
Nightlife Spots,4d4b7105d754a06376d81259,Nightclubs,4bf58dd8d48988d11f941735,,,,
Nightlife Spots,4d4b7105d754a06376d81259,Other Nightlife,4bf58dd8d48988d11a941735,,,,
Nightlife Spots,4d4b7105d754a06376d81259,Speakeasies,4bf58dd8d48988d1d4941735,,,,
Nightlife Spots,4d4b7105d754a06376d81259,Strip Clubs,4bf58dd8d48988d1d6941735,,,,
Nightlife Spots,4d4b7105d754a06376d81259,,,,,,
Outdoors & Recreation,4d4b7105d754a06377d81259,Athletics & Sports,4f4528bc4b90abdf24c9de85,Badminton Courts,52e81612bcbc57f1066b7a2b,,
Outdoors & Recreation,4d4b7105d754a06377d81259,Athletics & Sports,4f4528bc4b90abdf24c9de85,Baseball Fields,4bf58dd8d48988d1e8941735,,
Outdoors & Recreation,4d4b7105d754a06377d81259,Athletics & Sports,4f4528bc4b90abdf24c9de85,Basketball Courts,4bf58dd8d48988d1e1941735,,
Outdoors & Recreation,4d4b7105d754a06377d81259,Athletics & Sports,4f4528bc4b90abdf24c9de85,Bowling Greens,52e81612bcbc57f1066b7a2f,,
Outdoors & Recreation,4d4b7105d754a06377d81259,Athletics & Sports,4f4528bc4b90abdf24c9de85,Curling Ices,56aa371be4b08b9a8d57351a,,
Outdoors & Recreation,4d4b7105d754a06377d81259,Athletics & Sports,4f4528bc4b90abdf24c9de85,Golf Courses,4bf58dd8d48988d1e6941735,,
Outdoors & Recreation,4d4b7105d754a06377d81259,Athletics & Sports,4f4528bc4b90abdf24c9de85,Gyms or Fitness Centers,4bf58dd8d48988d175941735,Boxing Gyms,52f2ab2ebcbc57f1066b8b47
Outdoors & Recreation,4d4b7105d754a06377d81259,Athletics & Sports,4f4528bc4b90abdf24c9de85,Gyms or Fitness Centers,4bf58dd8d48988d175941735,Climbing Gyms,503289d391d4c4b30a586d6a
Outdoors & Recreation,4d4b7105d754a06377d81259,Athletics & Sports,4f4528bc4b90abdf24c9de85,Gyms or Fitness Centers,4bf58dd8d48988d175941735,Cycle Studios,52f2ab2ebcbc57f1066b8b49
Outdoors & Recreation,4d4b7105d754a06377d81259,Athletics & Sports,4f4528bc4b90abdf24c9de85,Gyms or Fitness Centers,4bf58dd8d48988d175941735,Gym Pools,4bf58dd8d48988d105941735
Outdoors & Recreation,4d4b7105d754a06377d81259,Athletics & Sports,4f4528bc4b90abdf24c9de85,Gyms or Fitness Centers,4bf58dd8d48988d175941735,Gymnastics Gyms,52f2ab2ebcbc57f1066b8b48
Outdoors & Recreation,4d4b7105d754a06377d81259,Athletics & Sports,4f4528bc4b90abdf24c9de85,Gyms or Fitness Centers,4bf58dd8d48988d175941735,Gyms,4bf58dd8d48988d176941735
Outdoors & Recreation,4d4b7105d754a06377d81259,Athletics & Sports,4f4528bc4b90abdf24c9de85,Gyms or Fitness Centers,4bf58dd8d48988d175941735,Martial Arts Dojos,4bf58dd8d48988d101941735
Outdoors & Recreation,4d4b7105d754a06377d81259,Athletics & Sports,4f4528bc4b90abdf24c9de85,Gyms or Fitness Centers,4bf58dd8d48988d175941735,Tracks,4bf58dd8d48988d106941735
Outdoors & Recreation,4d4b7105d754a06377d81259,Athletics & Sports,4f4528bc4b90abdf24c9de85,Gyms or Fitness Centers,4bf58dd8d48988d175941735,Yoga Studios,4bf58dd8d48988d102941735
Outdoors & Recreation,4d4b7105d754a06377d81259,Athletics & Sports,4f4528bc4b90abdf24c9de85,Gyms or Fitness Centers,4bf58dd8d48988d175941735,,
Outdoors & Recreation,4d4b7105d754a06377d81259,Athletics & Sports,4f4528bc4b90abdf24c9de85,Hockey Fields,4f452cd44b9081a197eba860,,
Outdoors & Recreation,4d4b7105d754a06377d81259,Athletics & Sports,4f4528bc4b90abdf24c9de85,Hockey Rinks,56aa371be4b08b9a8d57352c,,
Outdoors & Recreation,4d4b7105d754a06377d81259,Athletics & Sports,4f4528bc4b90abdf24c9de85,Paintball Fields,5032829591d4c4b30a586d5e,,
Outdoors & Recreation,4d4b7105d754a06377d81259,Athletics & Sports,4f4528bc4b90abdf24c9de85,Rugby Pitches,52e81612bcbc57f1066b7a2c,,
Outdoors & Recreation,4d4b7105d754a06377d81259,Athletics & Sports,4f4528bc4b90abdf24c9de85,Skate Parks,4bf58dd8d48988d167941735,,
Outdoors & Recreation,4d4b7105d754a06377d81259,Athletics & Sports,4f4528bc4b90abdf24c9de85,Skating Rinks,4bf58dd8d48988d168941735,,
Outdoors & Recreation,4d4b7105d754a06377d81259,Athletics & Sports,4f4528bc4b90abdf24c9de85,Soccer Fields,4cce455aebf7b749d5e191f5,,
Outdoors & Recreation,4d4b7105d754a06377d81259,Athletics & Sports,4f4528bc4b90abdf24c9de85,Sports Clubs,52e81612bcbc57f1066b7a2e,,
Outdoors & Recreation,4d4b7105d754a06377d81259,Athletics & Sports,4f4528bc4b90abdf24c9de85,Squash Courts,52e81612bcbc57f1066b7a2d,,
Outdoors & Recreation,4d4b7105d754a06377d81259,Athletics & Sports,4f4528bc4b90abdf24c9de85,Tennis Courts,4e39a956bd410d7aed40cbc3,,
Outdoors & Recreation,4d4b7105d754a06377d81259,Athletics & Sports,4f4528bc4b90abdf24c9de85,Volleyball Courts,4eb1bf013b7b6f98df247e07,,
Outdoors & Recreation,4d4b7105d754a06377d81259,Athletics & Sports,4f4528bc4b90abdf24c9de85,,,,
Outdoors & Recreation,4d4b7105d754a06377d81259,Bathing Areas,52e81612bcbc57f1066b7a28,,,,
Outdoors & Recreation,4d4b7105d754a06377d81259,Bays,56aa371be4b08b9a8d573544,,,,
Outdoors & Recreation,4d4b7105d754a06377d81259,Beaches,4bf58dd8d48988d1e2941735,Nudist Beaches,52e81612bcbc57f1066b7a30,,
Outdoors & Recreation,4d4b7105d754a06377d81259,Beaches,4bf58dd8d48988d1e2941735,Surf Spots,4bf58dd8d48988d1e3941735,,
Outdoors & Recreation,4d4b7105d754a06377d81259,Beaches,4bf58dd8d48988d1e2941735,,,,
Outdoors & Recreation,4d4b7105d754a06377d81259,Bike Trails,56aa371be4b08b9a8d57355e,,,,
Outdoors & Recreation,4d4b7105d754a06377d81259,Botanical Gardens,52e81612bcbc57f1066b7a22,,,,
Outdoors & Recreation,4d4b7105d754a06377d81259,Bridges,4bf58dd8d48988d1df941735,,,,
Outdoors & Recreation,4d4b7105d754a06377d81259,Campgrounds,4bf58dd8d48988d1e4941735,,,,
Outdoors & Recreation,4d4b7105d754a06377d81259,Canal Locks,56aa371be4b08b9a8d57353b,,,,
Outdoors & Recreation,4d4b7105d754a06377d81259,Canals,56aa371be4b08b9a8d573562,,,,
Outdoors & Recreation,4d4b7105d754a06377d81259,Castles,50aaa49e4b90af0d42d5de11,,,,
Outdoors & Recreation,4d4b7105d754a06377d81259,Caves,56aa371be4b08b9a8d573511,,,,
Outdoors & Recreation,4d4b7105d754a06377d81259,Cemeteries,4bf58dd8d48988d15c941735,,,,
Outdoors & Recreation,4d4b7105d754a06377d81259,Dive Spots,52e81612bcbc57f1066b7a12,,,,
Outdoors & Recreation,4d4b7105d754a06377d81259,Dog Runs,4bf58dd8d48988d1e5941735,,,,
Outdoors & Recreation,4d4b7105d754a06377d81259,Farms,4bf58dd8d48988d15b941735,,,,
Outdoors & Recreation,4d4b7105d754a06377d81259,Fields,4bf58dd8d48988d15f941735,,,,
Outdoors & Recreation,4d4b7105d754a06377d81259,Fishing Spots,52e81612bcbc57f1066b7a0f,,,,
Outdoors & Recreation,4d4b7105d754a06377d81259,Forests,52e81612bcbc57f1066b7a23,,,,
Outdoors & Recreation,4d4b7105d754a06377d81259,Fountains,56aa371be4b08b9a8d573547,,,,
Outdoors & Recreation,4d4b7105d754a06377d81259,Gardens,4bf58dd8d48988d15a941735,,,,
Outdoors & Recreation,4d4b7105d754a06377d81259,Gun Ranges,52e81612bcbc57f1066b7a11,,,,
Outdoors & Recreation,4d4b7105d754a06377d81259,Harbors / Marinas,4bf58dd8d48988d1e0941735,,,,
Outdoors & Recreation,4d4b7105d754a06377d81259,Hot Springs,4bf58dd8d48988d160941735,,,,
Outdoors & Recreation,4d4b7105d754a06377d81259,Islands,50aaa4314b90af0d42d5de10,,,,
Outdoors & Recreation,4d4b7105d754a06377d81259,Lakes,4bf58dd8d48988d161941735,,,,
Outdoors & Recreation,4d4b7105d754a06377d81259,Lighthouses,4bf58dd8d48988d15d941735,,,,
Outdoors & Recreation,4d4b7105d754a06377d81259,Mountain Hut,55a5a1ebe4b013909087cb77,,,,
Outdoors & Recreation,4d4b7105d754a06377d81259,Mountains,4eb1d4d54b900d56c88a45fc,,,,
Outdoors & Recreation,4d4b7105d754a06377d81259,National Parks,52e81612bcbc57f1066b7a21,,,,
Outdoors & Recreation,4d4b7105d754a06377d81259,Nature Preserves,52e81612bcbc57f1066b7a13,,,,
Outdoors & Recreation,4d4b7105d754a06377d81259,Other Great Outdoors,4bf58dd8d48988d162941735,,,,
Outdoors & Recreation,4d4b7105d754a06377d81259,Palaces,52e81612bcbc57f1066b7a14,,,,
Outdoors & Recreation,4d4b7105d754a06377d81259,Parks,4bf58dd8d48988d163941735,,,,
Outdoors & Recreation,4d4b7105d754a06377d81259,Pedestrian Plazas,52e81612bcbc57f1066b7a25,,,,
Outdoors & Recreation,4d4b7105d754a06377d81259,Playgrounds,4bf58dd8d48988d1e7941735,,,,
Outdoors & Recreation,4d4b7105d754a06377d81259,Plazas,4bf58dd8d48988d164941735,,,,
Outdoors & Recreation,4d4b7105d754a06377d81259,Pools,4bf58dd8d48988d15e941735,,,,
Outdoors & Recreation,4d4b7105d754a06377d81259,Rafting Spots,52e81612bcbc57f1066b7a29,,,,
Outdoors & Recreation,4d4b7105d754a06377d81259,Recreation Centers,52e81612bcbc57f1066b7a26,,,,
Outdoors & Recreation,4d4b7105d754a06377d81259,Reservoirs,56aa371be4b08b9a8d573541,,,,
Outdoors & Recreation,4d4b7105d754a06377d81259,Rivers,4eb1d4dd4b900d56c88a45fd,,,,
Outdoors & Recreation,4d4b7105d754a06377d81259,Rock Climbing Spots,50328a4b91d4c4b30a586d6b,,,,
Outdoors & Recreation,4d4b7105d754a06377d81259,Scenic Lookouts,4bf58dd8d48988d165941735,,,,
Outdoors & Recreation,4d4b7105d754a06377d81259,Sculpture Gardens,4bf58dd8d48988d166941735,,,,
Outdoors & Recreation,4d4b7105d754a06377d81259,Ski Areas,4bf58dd8d48988d1e9941735,Apres Ski Bars,4bf58dd8d48988d1ea941735,,
Outdoors & Recreation,4d4b7105d754a06377d81259,Ski Areas,4bf58dd8d48988d1e9941735,Ski Chairlifts,4eb1c0ed3b7b52c0e1adc2ea,,
Outdoors & Recreation,4d4b7105d754a06377d81259,Ski Areas,4bf58dd8d48988d1e9941735,Ski Chalets,4bf58dd8d48988d1ec941735,,
Outdoors & Recreation,4d4b7105d754a06377d81259,Ski Areas,4bf58dd8d48988d1e9941735,Ski Lodges,4bf58dd8d48988d1eb941735,,
Outdoors & Recreation,4d4b7105d754a06377d81259,Ski Areas,4bf58dd8d48988d1e9941735,Ski Trails,4eb1c0f63b7b52c0e1adc2eb,,
Outdoors & Recreation,4d4b7105d754a06377d81259,Ski Areas,4bf58dd8d48988d1e9941735,,,,
Outdoors & Recreation,4d4b7105d754a06377d81259,Stables,4eb1baf03b7b2c5b1d4306ca,,,,
Outdoors & Recreation,4d4b7105d754a06377d81259,States & Municipalities,530e33ccbcbc57f1066bbfe4,Cities,50aa9e094b90af0d42d5de0d,,
Outdoors & Recreation,4d4b7105d754a06377d81259,States & Municipalities,530e33ccbcbc57f1066bbfe4,Counties,5345731ebcbc57f1066c39b2,,
Outdoors & Recreation,4d4b7105d754a06377d81259,States & Municipalities,530e33ccbcbc57f1066bbfe4,Countries,530e33ccbcbc57f1066bbff7,,
Outdoors & Recreation,4d4b7105d754a06377d81259,States & Municipalities,530e33ccbcbc57f1066bbfe4,Neighborhoods,4f2a25ac4b909258e854f55f,,
Outdoors & Recreation,4d4b7105d754a06377d81259,States & Municipalities,530e33ccbcbc57f1066bbfe4,States,530e33ccbcbc57f1066bbff8,,
Outdoors & Recreation,4d4b7105d754a06377d81259,States & Municipalities,530e33ccbcbc57f1066bbfe4,Towns,530e33ccbcbc57f1066bbff3,,
Outdoors & Recreation,4d4b7105d754a06377d81259,States & Municipalities,530e33ccbcbc57f1066bbfe4,Villages,530e33ccbcbc57f1066bbff9,,
Outdoors & Recreation,4d4b7105d754a06377d81259,States & Municipalities,530e33ccbcbc57f1066bbfe4,,,,
Outdoors & Recreation,4d4b7105d754a06377d81259,Summer Camps,52e81612bcbc57f1066b7a10,,,,
Outdoors & Recreation,4d4b7105d754a06377d81259,Trails,4bf58dd8d48988d159941735,,,,
Outdoors & Recreation,4d4b7105d754a06377d81259,Trees,52e81612bcbc57f1066b7a24,,,,
Outdoors & Recreation,4d4b7105d754a06377d81259,Vineyards,4bf58dd8d48988d1de941735,,,,
Outdoors & Recreation,4d4b7105d754a06377d81259,Volcanoes,5032848691d4c4b30a586d61,,,,
Outdoors & Recreation,4d4b7105d754a06377d81259,Waterfalls,56aa371be4b08b9a8d573560,,,,
Outdoors & Recreation,4d4b7105d754a06377d81259,Waterfronts,56aa371be4b08b9a8d5734c3,,,,
Outdoors & Recreation,4d4b7105d754a06377d81259,Wells,4fbc1be21983fc883593e321,,,,
Outdoors & Recreation,4d4b7105d754a06377d81259,,,,,,
Professional & Other Places,4d4b7105d754a06375d81259,Animal Shelters,4e52d2d203646f7c19daa8ae,,,,
Professional & Other Places,4d4b7105d754a06375d81259,Auditoriums,4bf58dd8d48988d173941735,,,,
Professional & Other Places,4d4b7105d754a06375d81259,Ballrooms,56aa371be4b08b9a8d5734cf,,,,
Professional & Other Places,4d4b7105d754a06375d81259,Buildings,4bf58dd8d48988d130941735,,,,
Professional & Other Places,4d4b7105d754a06375d81259,Business Centers,56aa371be4b08b9a8d573517,,,,
Professional & Other Places,4d4b7105d754a06375d81259,Club Houses,52e81612bcbc57f1066b7a35,,,,
Professional & Other Places,4d4b7105d754a06375d81259,Community Centers,52e81612bcbc57f1066b7a34,,,,
Professional & Other Places,4d4b7105d754a06375d81259,Convention Centers,4bf58dd8d48988d1ff931735,Meeting Rooms,4bf58dd8d48988d100941735,,
Professional & Other Places,4d4b7105d754a06375d81259,Convention Centers,4bf58dd8d48988d1ff931735,,,,
Professional & Other Places,4d4b7105d754a06375d81259,Cultural Centers,52e81612bcbc57f1066b7a32,,,,
Professional & Other Places,4d4b7105d754a06375d81259,Distilleries,4e0e22f5a56208c4ea9a85a0,,,,
Professional & Other Places,4d4b7105d754a06375d81259,Distribution Centers,52e81612bcbc57f1066b7a37,,,,
Professional & Other Places,4d4b7105d754a06375d81259,Event Spaces,4bf58dd8d48988d171941735,Outdoor Event Spaces,56aa371be4b08b9a8d57356a,,
Professional & Other Places,4d4b7105d754a06375d81259,Event Spaces,4bf58dd8d48988d171941735,,,,
Professional & Other Places,4d4b7105d754a06375d81259,Factories,4eb1bea83b7b6f98df247e06,,,,
Professional & Other Places,4d4b7105d754a06375d81259,Fairs,4eb1daf44b900d56c88a4600,,,,
Professional & Other Places,4d4b7105d754a06375d81259,Funeral Homes,4f4534884b9074f6e4fb0174,,,,
Professional & Other Places,4d4b7105d754a06375d81259,Government Buildings,4bf58dd8d48988d126941735,Capitol Buildings,4bf58dd8d48988d12a941735,,
Professional & Other Places,4d4b7105d754a06375d81259,Government Buildings,4bf58dd8d48988d126941735,City Halls,4bf58dd8d48988d129941735,,
Professional & Other Places,4d4b7105d754a06375d81259,Government Buildings,4bf58dd8d48988d126941735,Courthouses,4bf58dd8d48988d12b941735,,
Professional & Other Places,4d4b7105d754a06375d81259,Government Buildings,4bf58dd8d48988d126941735,Embassies / Consulates,4bf58dd8d48988d12c951735,,
Professional & Other Places,4d4b7105d754a06375d81259,Government Buildings,4bf58dd8d48988d126941735,Fire Stations,4bf58dd8d48988d12c941735,,
Professional & Other Places,4d4b7105d754a06375d81259,Government Buildings,4bf58dd8d48988d126941735,Monuments / Landmarks,4bf58dd8d48988d12d941735,,
Professional & Other Places,4d4b7105d754a06375d81259,Government Buildings,4bf58dd8d48988d126941735,Police Stations,4bf58dd8d48988d12e941735,,
Professional & Other Places,4d4b7105d754a06375d81259,Government Buildings,4bf58dd8d48988d126941735,Town Halls,52e81612bcbc57f1066b7a38,,
Professional & Other Places,4d4b7105d754a06375d81259,Government Buildings,4bf58dd8d48988d126941735,,,,
Professional & Other Places,4d4b7105d754a06375d81259,Industrial Estates,56aa371be4b08b9a8d5734d7,,,,
Professional & Other Places,4d4b7105d754a06375d81259,Libraries,4bf58dd8d48988d12f941735,,,,
Professional & Other Places,4d4b7105d754a06375d81259,Medical Centers,4bf58dd8d48988d104941735,Acupuncturists,52e81612bcbc57f1066b7a3b,,
Professional & Other Places,4d4b7105d754a06375d81259,Medical Centers,4bf58dd8d48988d104941735,Alternative Healers,52e81612bcbc57f1066b7a3c,,
Professional & Other Places,4d4b7105d754a06375d81259,Medical Centers,4bf58dd8d48988d104941735,Chiropractors,52e81612bcbc57f1066b7a3a,,
Professional & Other Places,4d4b7105d754a06375d81259,Medical Centers,4bf58dd8d48988d104941735,Dentist's Offices,4bf58dd8d48988d178941735,,
Professional & Other Places,4d4b7105d754a06375d81259,Medical Centers,4bf58dd8d48988d104941735,Doctor's Offices,4bf58dd8d48988d177941735,,
Professional & Other Places,4d4b7105d754a06375d81259,Medical Centers,4bf58dd8d48988d104941735,Emergency Rooms,4bf58dd8d48988d194941735,,
Professional & Other Places,4d4b7105d754a06375d81259,Medical Centers,4bf58dd8d48988d104941735,Eye Doctors,522e32fae4b09b556e370f19,,
Professional & Other Places,4d4b7105d754a06375d81259,Medical Centers,4bf58dd8d48988d104941735,Hospitals,4bf58dd8d48988d196941735,,
Professional & Other Places,4d4b7105d754a06375d81259,Medical Centers,4bf58dd8d48988d104941735,Laboratories,4f4531b14b9074f6e4fb0103,,
Professional & Other Places,4d4b7105d754a06375d81259,Medical Centers,4bf58dd8d48988d104941735,Maternity Clinics,56aa371be4b08b9a8d5734ff,,
Professional & Other Places,4d4b7105d754a06375d81259,Medical Centers,4bf58dd8d48988d104941735,Mental Health Offices,52e81612bcbc57f1066b7a39,,
Professional & Other Places,4d4b7105d754a06375d81259,Medical Centers,4bf58dd8d48988d104941735,Rehab Centers,56aa371be4b08b9a8d57351d,,
Professional & Other Places,4d4b7105d754a06375d81259,Medical Centers,4bf58dd8d48988d104941735,Urgent Care Centers,56aa371be4b08b9a8d573526,,
Professional & Other Places,4d4b7105d754a06375d81259,Medical Centers,4bf58dd8d48988d104941735,Veterinarians,4d954af4a243a5684765b473,,
Professional & Other Places,4d4b7105d754a06375d81259,Medical Centers,4bf58dd8d48988d104941735,,,,
Professional & Other Places,4d4b7105d754a06375d81259,Military Bases,4e52adeebd41615f56317744,,,,
Professional & Other Places,4d4b7105d754a06375d81259,Non-Profits,50328a8e91d4c4b30a586d6c,,,,
Professional & Other Places,4d4b7105d754a06375d81259,Offices,4bf58dd8d48988d124941735,Advertising Agencies,52e81612bcbc57f1066b7a3d,,
Professional & Other Places,4d4b7105d754a06375d81259,Offices,4bf58dd8d48988d124941735,Campaign Offices,5032764e91d4c4b30a586d5a,,
Professional & Other Places,4d4b7105d754a06375d81259,Offices,4bf58dd8d48988d124941735,Conference Rooms,4bf58dd8d48988d127941735,,
Professional & Other Places,4d4b7105d754a06375d81259,Offices,4bf58dd8d48988d124941735,Corporate Amenities,5665ef1d498ec706735f0e59,,
Professional & Other Places,4d4b7105d754a06375d81259,Offices,4bf58dd8d48988d124941735,Corporate Cafeterias,54f4ba06498e2cf5561da814,,
Professional & Other Places,4d4b7105d754a06375d81259,Offices,4bf58dd8d48988d124941735,Corporate Coffee Shops,5665c7b9498e7d8a4f2c0f06,,
Professional & Other Places,4d4b7105d754a06375d81259,Offices,4bf58dd8d48988d124941735,Coworking Spaces,4bf58dd8d48988d174941735,,
Professional & Other Places,4d4b7105d754a06375d81259,Offices,4bf58dd8d48988d124941735,Tech Startups,4bf58dd8d48988d125941735,,
Professional & Other Places,4d4b7105d754a06375d81259,Offices,4bf58dd8d48988d124941735,,,,
Professional & Other Places,4d4b7105d754a06375d81259,Parking,4c38df4de52ce0d596b336e1,,,,
Professional & Other Places,4d4b7105d754a06375d81259,Post Offices,4bf58dd8d48988d172941735,,,,
Professional & Other Places,4d4b7105d754a06375d81259,Prisons,5310b8e5bcbc57f1066bcbf1,,,,
Professional & Other Places,4d4b7105d754a06375d81259,Radio Stations,5032856091d4c4b30a586d63,,,,
Professional & Other Places,4d4b7105d754a06375d81259,Recruiting Agencies,52f2ab2ebcbc57f1066b8b57,,,,
Professional & Other Places,4d4b7105d754a06375d81259,Schools,4bf58dd8d48988d13b941735,Adult Education Centers,56aa371ce4b08b9a8d573570,,
Professional & Other Places,4d4b7105d754a06375d81259,Schools,4bf58dd8d48988d13b941735,Circus Schools,52e81612bcbc57f1066b7a43,,
Professional & Other Places,4d4b7105d754a06375d81259,Schools,4bf58dd8d48988d13b941735,Driving Schools,52e81612bcbc57f1066b7a42,,
Professional & Other Places,4d4b7105d754a06375d81259,Schools,4bf58dd8d48988d13b941735,Elementary Schools,4f4533804b9074f6e4fb0105,,
Professional & Other Places,4d4b7105d754a06375d81259,Schools,4bf58dd8d48988d13b941735,Flight Schools,52e81612bcbc57f1066b7a49,,
Professional & Other Places,4d4b7105d754a06375d81259,Schools,4bf58dd8d48988d13b941735,High Schools,4bf58dd8d48988d13d941735,,
Professional & Other Places,4d4b7105d754a06375d81259,Schools,4bf58dd8d48988d13b941735,Language Schools,52e81612bcbc57f1066b7a48,,
Professional & Other Places,4d4b7105d754a06375d81259,Schools,4bf58dd8d48988d13b941735,Middle Schools,4f4533814b9074f6e4fb0106,,
Professional & Other Places,4d4b7105d754a06375d81259,Schools,4bf58dd8d48988d13b941735,Music Schools,4f04b10d2fb6e1c99f3db0be,,
Professional & Other Places,4d4b7105d754a06375d81259,Schools,4bf58dd8d48988d13b941735,Nursery Schools,4f4533814b9074f6e4fb0107,,
Professional & Other Places,4d4b7105d754a06375d81259,Schools,4bf58dd8d48988d13b941735,Preschools,52e81612bcbc57f1066b7a45,,
Professional & Other Places,4d4b7105d754a06375d81259,Schools,4bf58dd8d48988d13b941735,Private Schools,52e81612bcbc57f1066b7a46,,
Professional & Other Places,4d4b7105d754a06375d81259,Schools,4bf58dd8d48988d13b941735,Religious Schools,52e81612bcbc57f1066b7a47,,
Professional & Other Places,4d4b7105d754a06375d81259,Schools,4bf58dd8d48988d13b941735,Swim Schools,52e81612bcbc57f1066b7a44,,
Professional & Other Places,4d4b7105d754a06375d81259,Schools,4bf58dd8d48988d13b941735,,,,
Professional & Other Places,4d4b7105d754a06375d81259,Social Clubs,52e81612bcbc57f1066b7a33,,,,
Professional & Other Places,4d4b7105d754a06375d81259,Spiritual Centers,4bf58dd8d48988d131941735,Buddhist Temples,52e81612bcbc57f1066b7a3e,,
Professional & Other Places,4d4b7105d754a06375d81259,Spiritual Centers,4bf58dd8d48988d131941735,Churches,4bf58dd8d48988d132941735,,
Professional & Other Places,4d4b7105d754a06375d81259,Spiritual Centers,4bf58dd8d48988d131941735,Confucian Temples,56aa371be4b08b9a8d5734fc,,
Professional & Other Places,4d4b7105d754a06375d81259,Spiritual Centers,4bf58dd8d48988d131941735,Hindu Temples,52e81612bcbc57f1066b7a3f,,
Professional & Other Places,4d4b7105d754a06375d81259,Spiritual Centers,4bf58dd8d48988d131941735,Monasteries,52e81612bcbc57f1066b7a40,,
Professional & Other Places,4d4b7105d754a06375d81259,Spiritual Centers,4bf58dd8d48988d131941735,Mosques,4bf58dd8d48988d138941735,,
Professional & Other Places,4d4b7105d754a06375d81259,Spiritual Centers,4bf58dd8d48988d131941735,Prayer Rooms,52e81612bcbc57f1066b7a41,,
Professional & Other Places,4d4b7105d754a06375d81259,Spiritual Centers,4bf58dd8d48988d131941735,Shrines,4eb1d80a4b900d56c88a45ff,,
Professional & Other Places,4d4b7105d754a06375d81259,Spiritual Centers,4bf58dd8d48988d131941735,Synagogues,4bf58dd8d48988d139941735,,
Professional & Other Places,4d4b7105d754a06375d81259,Spiritual Centers,4bf58dd8d48988d131941735,Temples,4bf58dd8d48988d13a941735,,
Professional & Other Places,4d4b7105d754a06375d81259,Spiritual Centers,4bf58dd8d48988d131941735,Terreiros,56aa371be4b08b9a8d5734f6,,
Professional & Other Places,4d4b7105d754a06375d81259,Spiritual Centers,4bf58dd8d48988d131941735,,,,
Professional & Other Places,4d4b7105d754a06375d81259,TV Stations,52e81612bcbc57f1066b7a31,,,,
Professional & Other Places,4d4b7105d754a06375d81259,Voting Booths,4cae28ecbf23941eb1190695,,,,
Professional & Other Places,4d4b7105d754a06375d81259,Warehouses,52e81612bcbc57f1066b7a36,,,,
Professional & Other Places,4d4b7105d754a06375d81259,Wedding Halls,56aa371be4b08b9a8d5734c5,,,,
Professional & Other Places,4d4b7105d754a06375d81259,Wineries,4bf58dd8d48988d14b941735,,,,
Professional & Other Places,4d4b7105d754a06375d81259,,,,,,
Residences,4e67e38e036454776db1fb3a,Assisted Living,5032891291d4c4b30a586d68,,,,
Residences,4e67e38e036454776db1fb3a,Homes (private),4bf58dd8d48988d103941735,,,,
Residences,4e67e38e036454776db1fb3a,Housing Developments,4f2a210c4b9023bd5841ed28,,,,
Residences,4e67e38e036454776db1fb3a,Residential Buildings (Apartments / Condos),4d954b06a243a5684965b473,,,,
Residences,4e67e38e036454776db1fb3a,Trailer Parks,52f2ab2ebcbc57f1066b8b55,,,,
Residences,4e67e38e036454776db1fb3a,,,,,,
Shops & Services,4d4b7105d754a06378d81259,Adult Boutiques,5267e446e4b0ec79466e48c4,,,,
Shops & Services,4d4b7105d754a06378d81259,Antique Shops,4bf58dd8d48988d116951735,,,,
Shops & Services,4d4b7105d754a06378d81259,Arts & Crafts Stores,4bf58dd8d48988d127951735,,,,
Shops & Services,4d4b7105d754a06378d81259,Astrologers,52f2ab2ebcbc57f1066b8b43,,,,
Shops & Services,4d4b7105d754a06378d81259,ATMs,52f2ab2ebcbc57f1066b8b56,,,,
Shops & Services,4d4b7105d754a06378d81259,Auto Dealerships,4eb1c1623b7b52c0e1adc2ec,,,,
Shops & Services,4d4b7105d754a06378d81259,Auto Garages,52f2ab2ebcbc57f1066b8b44,,,,
Shops & Services,4d4b7105d754a06378d81259,Auto Workshops,56aa371be4b08b9a8d5734d3,,,,
Shops & Services,4d4b7105d754a06378d81259,Automotive Shops,4bf58dd8d48988d124951735,,,,
Shops & Services,4d4b7105d754a06378d81259,Baby Stores,52f2ab2ebcbc57f1066b8b32,,,,
Shops & Services,4d4b7105d754a06378d81259,Banks,4bf58dd8d48988d10a951735,,,,
Shops & Services,4d4b7105d754a06378d81259,Bath Houses,52e81612bcbc57f1066b7a27,,,,
Shops & Services,4d4b7105d754a06378d81259,Batik Shops,56aa371be4b08b9a8d5734cb,,,,
Shops & Services,4d4b7105d754a06378d81259,Betting Shops,52f2ab2ebcbc57f1066b8b40,,,,
Shops & Services,4d4b7105d754a06378d81259,Big Box Stores,52f2ab2ebcbc57f1066b8b42,,,,
Shops & Services,4d4b7105d754a06378d81259,Bike Shops,4bf58dd8d48988d115951735,,,,
Shops & Services,4d4b7105d754a06378d81259,Board Shops,4bf58dd8d48988d1f1941735,,,,
Shops & Services,4d4b7105d754a06378d81259,Bookstores,4bf58dd8d48988d114951735,,,,
Shops & Services,4d4b7105d754a06378d81259,Bridal Shops,4bf58dd8d48988d11a951735,,,,
Shops & Services,4d4b7105d754a06378d81259,Business Services,5453de49498eade8af355881,,,,
Shops & Services,4d4b7105d754a06378d81259,Camera Stores,4eb1bdf03b7b55596b4a7491,,,,
Shops & Services,4d4b7105d754a06378d81259,Candy Stores,4bf58dd8d48988d117951735,,,,
Shops & Services,4d4b7105d754a06378d81259,Car Washes,4f04ae1f2fb6e1c99f3db0ba,,,,
Shops & Services,4d4b7105d754a06378d81259,Carpet Stores,52f2ab2ebcbc57f1066b8b2a,,,,
Shops & Services,4d4b7105d754a06378d81259,Check Cashing Services,52f2ab2ebcbc57f1066b8b2d,,,,
Shops & Services,4d4b7105d754a06378d81259,Chocolate Shops,52f2ab2ebcbc57f1066b8b31,,,,
Shops & Services,4d4b7105d754a06378d81259,Clothing Stores,4bf58dd8d48988d103951735,Accessories Stores,4bf58dd8d48988d102951735,,
Shops & Services,4d4b7105d754a06378d81259,Clothing Stores,4bf58dd8d48988d103951735,Boutiques,4bf58dd8d48988d104951735,,
Shops & Services,4d4b7105d754a06378d81259,Clothing Stores,4bf58dd8d48988d103951735,Kids Stores,4bf58dd8d48988d105951735,,
Shops & Services,4d4b7105d754a06378d81259,Clothing Stores,4bf58dd8d48988d103951735,Lingerie Stores,4bf58dd8d48988d109951735,,
Shops & Services,4d4b7105d754a06378d81259,Clothing Stores,4bf58dd8d48988d103951735,Men's Stores,4bf58dd8d48988d106951735,,
Shops & Services,4d4b7105d754a06378d81259,Clothing Stores,4bf58dd8d48988d103951735,Shoe Stores,4bf58dd8d48988d107951735,,
Shops & Services,4d4b7105d754a06378d81259,Clothing Stores,4bf58dd8d48988d103951735,Women's Stores,4bf58dd8d48988d108951735,,
Shops & Services,4d4b7105d754a06378d81259,Clothing Stores,4bf58dd8d48988d103951735,,,,
Shops & Services,4d4b7105d754a06378d81259,Comic Shops,52f2ab2ebcbc57f1066b8b18,,,,
Shops & Services,4d4b7105d754a06378d81259,Construction & Landscaping,5454144b498ec1f095bff2f2,,,,
Shops & Services,4d4b7105d754a06378d81259,Convenience Stores,4d954b0ea243a5684a65b473,,,,
Shops & Services,4d4b7105d754a06378d81259,Cosmetics Shops,4bf58dd8d48988d10c951735,,,,
Shops & Services,4d4b7105d754a06378d81259,Costume Shops,52f2ab2ebcbc57f1066b8b17,,,,
Shops & Services,4d4b7105d754a06378d81259,Credit Unions,5032850891d4c4b30a586d62,,,,
Shops & Services,4d4b7105d754a06378d81259,Daycares,4f4532974b9074f6e4fb0104,,,,
Shops & Services,4d4b7105d754a06378d81259,Department Stores,4bf58dd8d48988d1f6941735,,,,
Shops & Services,4d4b7105d754a06378d81259,Design Studios,4bf58dd8d48988d1f4941735,,,,
Shops & Services,4d4b7105d754a06378d81259,Discount Stores,52dea92d3cf9994f4e043dbb,,,,
Shops & Services,4d4b7105d754a06378d81259,Dive Shops,52f2ab2ebcbc57f1066b8b1a,,,,
Shops & Services,4d4b7105d754a06378d81259,Dry Cleaners,52f2ab2ebcbc57f1066b8b1d,,,,
Shops & Services,4d4b7105d754a06378d81259,Electronics Stores,4bf58dd8d48988d122951735,,,,
Shops & Services,4d4b7105d754a06378d81259,Entertainment Services,56aa371be4b08b9a8d573554,,,,
Shops & Services,4d4b7105d754a06378d81259,EV Charging Stations,5032872391d4c4b30a586d64,,,,
Shops & Services,4d4b7105d754a06378d81259,Event Services,5454152e498ef71e2b9132c6,,,,
Shops & Services,4d4b7105d754a06378d81259,Fabric Shops,52f2ab2ebcbc57f1066b8b26,,,,
Shops & Services,4d4b7105d754a06378d81259,Film Studios,56aa371be4b08b9a8d573523,,,,
Shops & Services,4d4b7105d754a06378d81259,Financial or Legal Services,503287a291d4c4b30a586d65,,,,
Shops & Services,4d4b7105d754a06378d81259,Fireworks Stores,52f2ab2ebcbc57f1066b8b3a,,,,
Shops & Services,4d4b7105d754a06378d81259,Fishing Stores,52f2ab2ebcbc57f1066b8b16,,,,
Shops & Services,4d4b7105d754a06378d81259,Flea Markets,4bf58dd8d48988d1f7941735,,,,
Shops & Services,4d4b7105d754a06378d81259,Floating Markets,56aa371be4b08b9a8d573505,,,,
Shops & Services,4d4b7105d754a06378d81259,Flower Shops,4bf58dd8d48988d11b951735,,,,
Shops & Services,4d4b7105d754a06378d81259,Food & Drink Shops,4bf58dd8d48988d1f9941735,Beer Stores,5370f356bcbc57f1066c94c2,,
Shops & Services,4d4b7105d754a06378d81259,Food & Drink Shops,4bf58dd8d48988d1f9941735,Butchers,4bf58dd8d48988d11d951735,,
Shops & Services,4d4b7105d754a06378d81259,Food & Drink Shops,4bf58dd8d48988d1f9941735,Cheese Shops,4bf58dd8d48988d11e951735,,
Shops & Services,4d4b7105d754a06378d81259,Food & Drink Shops,4bf58dd8d48988d1f9941735,Farmers Markets,4bf58dd8d48988d1fa941735,,
Shops & Services,4d4b7105d754a06378d81259,Food & Drink Shops,4bf58dd8d48988d1f9941735,Fish Markets,4bf58dd8d48988d10e951735,,
Shops & Services,4d4b7105d754a06378d81259,Food & Drink Shops,4bf58dd8d48988d1f9941735,Food Services,56aa371be4b08b9a8d573550,,
Shops & Services,4d4b7105d754a06378d81259,Food & Drink Shops,4bf58dd8d48988d1f9941735,Gourmet Shops,4bf58dd8d48988d1f5941735,,
Shops & Services,4d4b7105d754a06378d81259,Food & Drink Shops,4bf58dd8d48988d1f9941735,Grocery Stores,4bf58dd8d48988d118951735,,
Shops & Services,4d4b7105d754a06378d81259,Food & Drink Shops,4bf58dd8d48988d1f9941735,Health Food Stores,50aa9e744b90af0d42d5de0e,,
Shops & Services,4d4b7105d754a06378d81259,Food & Drink Shops,4bf58dd8d48988d1f9941735,Liquor Stores,4bf58dd8d48988d186941735,,
Shops & Services,4d4b7105d754a06378d81259,Food & Drink Shops,4bf58dd8d48988d1f9941735,Organic Groceries,52f2ab2ebcbc57f1066b8b45,,
Shops & Services,4d4b7105d754a06378d81259,Food & Drink Shops,4bf58dd8d48988d1f9941735,Sausage Shops,56aa371be4b08b9a8d573564,,
Shops & Services,4d4b7105d754a06378d81259,Food & Drink Shops,4bf58dd8d48988d1f9941735,Street Food Gatherings,53e0feef498e5aac066fd8a9,,
Shops & Services,4d4b7105d754a06378d81259,Food & Drink Shops,4bf58dd8d48988d1f9941735,Supermarkets,52f2ab2ebcbc57f1066b8b46,,
Shops & Services,4d4b7105d754a06378d81259,Food & Drink Shops,4bf58dd8d48988d1f9941735,Wine Shops,4bf58dd8d48988d119951735,,
Shops & Services,4d4b7105d754a06378d81259,Food & Drink Shops,4bf58dd8d48988d1f9941735,,,,
Shops & Services,4d4b7105d754a06378d81259,Frame Stores,52f2ab2ebcbc57f1066b8b24,,,,
Shops & Services,4d4b7105d754a06378d81259,Fruit & Vegetable Stores,52f2ab2ebcbc57f1066b8b1c,,,,
Shops & Services,4d4b7105d754a06378d81259,Furniture / Home Stores,4bf58dd8d48988d1f8941735,Lighting Stores,55888a5a498e782e3303b43a,,
Shops & Services,4d4b7105d754a06378d81259,Furniture / Home Stores,4bf58dd8d48988d1f8941735,,,,
Shops & Services,4d4b7105d754a06378d81259,Gaming Cafes,4bf58dd8d48988d18d941735,,,,
Shops & Services,4d4b7105d754a06378d81259,Garden Centers,4eb1c0253b7b52c0e1adc2e9,,,,
Shops & Services,4d4b7105d754a06378d81259,Gas Stations,4bf58dd8d48988d113951735,,,,
Shops & Services,4d4b7105d754a06378d81259,Gift Shops,4bf58dd8d48988d128951735,,,,
Shops & Services,4d4b7105d754a06378d81259,Gun Shops,52f2ab2ebcbc57f1066b8b19,,,,
Shops & Services,4d4b7105d754a06378d81259,Hardware Stores,4bf58dd8d48988d112951735,,,,
Shops & Services,4d4b7105d754a06378d81259,Health & Beauty Services,54541900498ea6ccd0202697,,,,
Shops & Services,4d4b7105d754a06378d81259,Herbs & Spices Stores,52f2ab2ebcbc57f1066b8b2c,,,,
Shops & Services,4d4b7105d754a06378d81259,Hobby Shops,4bf58dd8d48988d1fb941735,,,,
Shops & Services,4d4b7105d754a06378d81259,Home Services & Repairs,545419b1498ea6ccd0202f58,,,,
Shops & Services,4d4b7105d754a06378d81259,Hunting Supplies,50aaa5234b90af0d42d5de12,,,,
Shops & Services,4d4b7105d754a06378d81259,Internet Cafes,4bf58dd8d48988d1f0941735,,,,
Shops & Services,4d4b7105d754a06378d81259,IT Services,52f2ab2ebcbc57f1066b8b36,,,,
Shops & Services,4d4b7105d754a06378d81259,Jewelry Stores,4bf58dd8d48988d111951735,,,,
Shops & Services,4d4b7105d754a06378d81259,Knitting Stores,52f2ab2ebcbc57f1066b8b25,,,,
Shops & Services,4d4b7105d754a06378d81259,Laundromats,52f2ab2ebcbc57f1066b8b33,,,,
Shops & Services,4d4b7105d754a06378d81259,Laundry Services,4bf58dd8d48988d1fc941735,,,,
Shops & Services,4d4b7105d754a06378d81259,Lawyers,52f2ab2ebcbc57f1066b8b3f,,,,
Shops & Services,4d4b7105d754a06378d81259,Leather Goods Stores,52f2ab2ebcbc57f1066b8b2b,,,,
Shops & Services,4d4b7105d754a06378d81259,Locksmiths,52f2ab2ebcbc57f1066b8b1e,,,,
Shops & Services,4d4b7105d754a06378d81259,Lottery Retailers,52f2ab2ebcbc57f1066b8b38,,,,
Shops & Services,4d4b7105d754a06378d81259,Luggage Stores,52f2ab2ebcbc57f1066b8b29,,,,
Shops & Services,4d4b7105d754a06378d81259,Marijuana Dispensaries,52c71aaf3cf9994f4e043d17,,,,
Shops & Services,4d4b7105d754a06378d81259,Markets,50be8ee891d4fa8dcc7199a7,,,,
Shops & Services,4d4b7105d754a06378d81259,Massage Studios,52f2ab2ebcbc57f1066b8b3c,,,,
Shops & Services,4d4b7105d754a06378d81259,Mattress Stores,52f2ab2ebcbc57f1066b8b27,,,,
Shops & Services,4d4b7105d754a06378d81259,Miscellaneous Shops,4bf58dd8d48988d1ff941735,,,,
Shops & Services,4d4b7105d754a06378d81259,Mobile Phone Shops,4f04afc02fb6e1c99f3db0bc,,,,
Shops & Services,4d4b7105d754a06378d81259,Mobility Stores,56aa371be4b08b9a8d57354a,,,,
Shops & Services,4d4b7105d754a06378d81259,Motorcycle Shops,5032833091d4c4b30a586d60,,,,
Shops & Services,4d4b7105d754a06378d81259,Music Stores,4bf58dd8d48988d1fe941735,,,,
Shops & Services,4d4b7105d754a06378d81259,Nail Salons,4f04aa0c2fb6e1c99f3db0b8,,,,
Shops & Services,4d4b7105d754a06378d81259,Newsstands,4f04ad622fb6e1c99f3db0b9,,,,
Shops & Services,4d4b7105d754a06378d81259,Optical Shops,4d954afda243a5684865b473,,,,
Shops & Services,4d4b7105d754a06378d81259,Other Repair Shops,52f2ab2ebcbc57f1066b8b2f,,,,
Shops & Services,4d4b7105d754a06378d81259,Outdoor Supply Stores,52f2ab2ebcbc57f1066b8b22,,,,
Shops & Services,4d4b7105d754a06378d81259,Outlet Stores,52f2ab2ebcbc57f1066b8b35,,,,
Shops & Services,4d4b7105d754a06378d81259,Paper / Office Supplies Stores,4bf58dd8d48988d121951735,,,,
Shops & Services,4d4b7105d754a06378d81259,Pawn Shops,52f2ab2ebcbc57f1066b8b34,,,,
Shops & Services,4d4b7105d754a06378d81259,Perfume Shops,52f2ab2ebcbc57f1066b8b23,,,,
Shops & Services,4d4b7105d754a06378d81259,Pet Services,5032897c91d4c4b30a586d69,,,,
Shops & Services,4d4b7105d754a06378d81259,Pet Stores,4bf58dd8d48988d100951735,,,,
Shops & Services,4d4b7105d754a06378d81259,Pharmacies,4bf58dd8d48988d10f951735,,,,
Shops & Services,4d4b7105d754a06378d81259,Photography Labs,4eb1bdde3b7b55596b4a7490,,,,
Shops & Services,4d4b7105d754a06378d81259,Photography Studios,554a5e17498efabeda6cc559,,,,
Shops & Services,4d4b7105d754a06378d81259,Piercing Parlors,52f2ab2ebcbc57f1066b8b20,,,,
Shops & Services,4d4b7105d754a06378d81259,Pop-Up Shops,52f2ab2ebcbc57f1066b8b3d,,,,
Shops & Services,4d4b7105d754a06378d81259,Print Shops,52f2ab2ebcbc57f1066b8b28,,,,
Shops & Services,4d4b7105d754a06378d81259,Real Estate Offices,5032885091d4c4b30a586d66,,,,
Shops & Services,4d4b7105d754a06378d81259,Record Shops,4bf58dd8d48988d10d951735,,,,
Shops & Services,4d4b7105d754a06378d81259,Recording Studios,52f2ab2ebcbc57f1066b8b37,,,,
Shops & Services,4d4b7105d754a06378d81259,Recycling Facilities,4f4531084b9074f6e4fb0101,,,,
Shops & Services,4d4b7105d754a06378d81259,Rental Services,56aa371be4b08b9a8d573552,,,,
Shops & Services,4d4b7105d754a06378d81259,Salons / Barbershops,4bf58dd8d48988d110951735,,,,
Shops & Services,4d4b7105d754a06378d81259,Shipping Stores,52f2ab2ebcbc57f1066b8b1f,,,,
Shops & Services,4d4b7105d754a06378d81259,Shoe Repair Shops,52f2ab2ebcbc57f1066b8b39,,,,
Shops & Services,4d4b7105d754a06378d81259,Shopping Malls,4bf58dd8d48988d1fd941735,,,,
Shops & Services,4d4b7105d754a06378d81259,Ski Shops,56aa371be4b08b9a8d573566,,,,
Shops & Services,4d4b7105d754a06378d81259,Smoke Shops,4bf58dd8d48988d123951735,,,,
Shops & Services,4d4b7105d754a06378d81259,Smoothie Shops,52f2ab2ebcbc57f1066b8b41,,,,
Shops & Services,4d4b7105d754a06378d81259,Souvenir Shops,52f2ab2ebcbc57f1066b8b1b,,,,
Shops & Services,4d4b7105d754a06378d81259,Spas,4bf58dd8d48988d1ed941735,,,,
Shops & Services,4d4b7105d754a06378d81259,Sporting Goods Shops,4bf58dd8d48988d1f2941735,,,,
Shops & Services,4d4b7105d754a06378d81259,Stationery Stores,52f2ab2ebcbc57f1066b8b21,,,,
Shops & Services,4d4b7105d754a06378d81259,Storage Facilities,4f04b1572fb6e1c99f3db0bf,,,,
Shops & Services,4d4b7105d754a06378d81259,Tailor Shops,5032781d91d4c4b30a586d5b,,,,
Shops & Services,4d4b7105d754a06378d81259,Tanning Salons,4d1cf8421a97d635ce361c31,,,,
Shops & Services,4d4b7105d754a06378d81259,Tattoo Parlors,4bf58dd8d48988d1de931735,,,,
Shops & Services,4d4b7105d754a06378d81259,Thrift / Vintage Stores,4bf58dd8d48988d101951735,,,,
Shops & Services,4d4b7105d754a06378d81259,Toy / Game Stores,4bf58dd8d48988d1f3941735,,,,
Shops & Services,4d4b7105d754a06378d81259,Travel Agencies,4f04b08c2fb6e1c99f3db0bd,,,,
Shops & Services,4d4b7105d754a06378d81259,Used Bookstores,52f2ab2ebcbc57f1066b8b30,,,,
Shops & Services,4d4b7105d754a06378d81259,Vape Stores,56aa371be4b08b9a8d57355c,,,,
Shops & Services,4d4b7105d754a06378d81259,Video Game Stores,4bf58dd8d48988d10b951735,,,,
Shops & Services,4d4b7105d754a06378d81259,Video Stores,4bf58dd8d48988d126951735,,,,
Shops & Services,4d4b7105d754a06378d81259,Warehouse Stores,52e816a6bcbc57f1066b7a54,,,,
Shops & Services,4d4b7105d754a06378d81259,Watch Shops,52f2ab2ebcbc57f1066b8b2e,,,,
Shops & Services,4d4b7105d754a06378d81259,,,,,,
Travel & Transport,4d4b7105d754a06379d81259,Airports,4bf58dd8d48988d1ed931735,Airport Food Courts,4bf58dd8d48988d1ef931735,,
Travel & Transport,4d4b7105d754a06379d81259,Airports,4bf58dd8d48988d1ed931735,Airport Gates,4bf58dd8d48988d1f0931735,,
Travel & Transport,4d4b7105d754a06379d81259,Airports,4bf58dd8d48988d1ed931735,Airport Lounges,4eb1bc533b7b2c5b1d4306cb,,
Travel & Transport,4d4b7105d754a06379d81259,Airports,4bf58dd8d48988d1ed931735,Airport Services,56aa371be4b08b9a8d57352f,,
Travel & Transport,4d4b7105d754a06379d81259,Airports,4bf58dd8d48988d1ed931735,Airport Terminals,4bf58dd8d48988d1eb931735,,
Travel & Transport,4d4b7105d754a06379d81259,Airports,4bf58dd8d48988d1ed931735,Airport Trams,4bf58dd8d48988d1ec931735,,
Travel & Transport,4d4b7105d754a06379d81259,Airports,4bf58dd8d48988d1ed931735,Planes,4bf58dd8d48988d1f7931735,,
Travel & Transport,4d4b7105d754a06379d81259,Airports,4bf58dd8d48988d1ed931735,,,,
Travel & Transport,4d4b7105d754a06379d81259,Bike Rentals / Bike Shares,4e4c9077bd41f78e849722f9,,,,
Travel & Transport,4d4b7105d754a06379d81259,Boats or Ferries,4bf58dd8d48988d12d951735,,,,
Travel & Transport,4d4b7105d754a06379d81259,Border Crossings,52f2ab2ebcbc57f1066b8b4b,,,,
Travel & Transport,4d4b7105d754a06379d81259,Bus Stations,4bf58dd8d48988d1fe931735,Bus Lines,4bf58dd8d48988d12b951735,,
Travel & Transport,4d4b7105d754a06379d81259,Bus Stations,4bf58dd8d48988d1fe931735,,,,
Travel & Transport,4d4b7105d754a06379d81259,Bus Stops,52f2ab2ebcbc57f1066b8b4f,,,,
Travel & Transport,4d4b7105d754a06379d81259,Cable Cars,52f2ab2ebcbc57f1066b8b50,,,,
Travel & Transport,4d4b7105d754a06379d81259,Cruises,55077a22498e5e9248869ba2,,,,
Travel & Transport,4d4b7105d754a06379d81259,General Travel,4bf58dd8d48988d1f6931735,,,,
Travel & Transport,4d4b7105d754a06379d81259,Heliports,56aa371ce4b08b9a8d57356e,,,,
Travel & Transport,4d4b7105d754a06379d81259,Hotels,4bf58dd8d48988d1fa931735,Bed & Breakfasts,4bf58dd8d48988d1f8931735,,
Travel & Transport,4d4b7105d754a06379d81259,Hotels,4bf58dd8d48988d1fa931735,Boarding Houses,4f4530a74b9074f6e4fb0100,,
Travel & Transport,4d4b7105d754a06379d81259,Hotels,4bf58dd8d48988d1fa931735,Hostels,4bf58dd8d48988d1ee931735,,
Travel & Transport,4d4b7105d754a06379d81259,Hotels,4bf58dd8d48988d1fa931735,Hotel Pools,4bf58dd8d48988d132951735,,
Travel & Transport,4d4b7105d754a06379d81259,Hotels,4bf58dd8d48988d1fa931735,Motels,4bf58dd8d48988d1fb931735,,
Travel & Transport,4d4b7105d754a06379d81259,Hotels,4bf58dd8d48988d1fa931735,Resorts,4bf58dd8d48988d12f951735,,
Travel & Transport,4d4b7105d754a06379d81259,Hotels,4bf58dd8d48988d1fa931735,Roof Decks,4bf58dd8d48988d133951735,,
Travel & Transport,4d4b7105d754a06379d81259,Hotels,4bf58dd8d48988d1fa931735,Vacation Rentals,56aa371be4b08b9a8d5734e1,,
Travel & Transport,4d4b7105d754a06379d81259,Hotels,4bf58dd8d48988d1fa931735,,,,
Travel & Transport,4d4b7105d754a06379d81259,Intersections,52f2ab2ebcbc57f1066b8b4c,,,,
Travel & Transport,4d4b7105d754a06379d81259,Light Rail Stations,4bf58dd8d48988d1fc931735,,,,
Travel & Transport,4d4b7105d754a06379d81259,Metro Stations,4bf58dd8d48988d1fd931735,,,,
Travel & Transport,4d4b7105d754a06379d81259,Moving Targets,4f2a23984b9023bd5841ed2c,,,,
Travel & Transport,4d4b7105d754a06379d81259,Piers,4e74f6cabd41c4836eac4c31,,,,
Travel & Transport,4d4b7105d754a06379d81259,Ports,56aa371be4b08b9a8d57353e,,,,
Travel & Transport,4d4b7105d754a06379d81259,Rental Car Locations,4bf58dd8d48988d1ef941735,,,,
Travel & Transport,4d4b7105d754a06379d81259,Rest Areas,4d954b16a243a5684b65b473,,,,
Travel & Transport,4d4b7105d754a06379d81259,Roads,4bf58dd8d48988d1f9931735,,,,
Travel & Transport,4d4b7105d754a06379d81259,RV Parks,52f2ab2ebcbc57f1066b8b53,,,,
Travel & Transport,4d4b7105d754a06379d81259,Streets,52f2ab2ebcbc57f1066b8b52,,,,
Travel & Transport,4d4b7105d754a06379d81259,Taxi Stands,53fca564498e1a175f32528b,,,,
Travel & Transport,4d4b7105d754a06379d81259,Taxis,4bf58dd8d48988d130951735,,,,
Travel & Transport,4d4b7105d754a06379d81259,Toll Booths,52f2ab2ebcbc57f1066b8b4d,,,,
Travel & Transport,4d4b7105d754a06379d81259,Toll Plazas,52f2ab2ebcbc57f1066b8b4e,,,,
Travel & Transport,4d4b7105d754a06379d81259,Tourist Information Centers,4f4530164b9074f6e4fb00ff,,,,
Travel & Transport,4d4b7105d754a06379d81259,Train Stations,4bf58dd8d48988d129951735,Platforms,4f4531504b9074f6e4fb0102,,
Travel & Transport,4d4b7105d754a06379d81259,Train Stations,4bf58dd8d48988d129951735,Trains,4bf58dd8d48988d12a951735,,
Travel & Transport,4d4b7105d754a06379d81259,Train Stations,4bf58dd8d48988d129951735,,,,
Travel & Transport,4d4b7105d754a06379d81259,Tram Stations,52f2ab2ebcbc57f1066b8b51,,,,
Travel & Transport,4d4b7105d754a06379d81259,Transportation Services,54541b70498ea6ccd0204bff,,,,
Travel & Transport,4d4b7105d754a06379d81259,Travel Lounges,4f04b25d2fb6e1c99f3db0c0,,,,
Travel & Transport,4d4b7105d754a06379d81259,Tunnels,52f2ab2ebcbc57f1066b8b4a,,,,
Travel & Transport,4d4b7105d754a06379d81259,,,,,,